DATE,ENGAGEMENTS,,,FOLLOWS,,,IMPRESSIONS,,,REACH,,,USERS,PAGEVIEWS,Engagements (30-Day Rolling Average),,,Followers,,,,Impressions (30-Day Rolling Average),,,Reach (30-Day Rolling Average),,,USERS (30-day Rolling Average),PAGEVIEWS (30-day Rolling Average),,Website Visitors,Website Pageviews,Social Reach,Social Engagements,New Followers
,FB,LI,INSTA,FB,LI,INSTA,FB,LI,INSTA,FB,LI,INSTA,WEBSITE,WEBSITE,FB,LI,INSTA,FB,LI,INSTA,Total,FB,LI,INSTA,FB,LI,INSTA,WEBSITE,WEBSITE,,"95,022","275,641","571,000","19,152","1,194"
1/1/2024,0,,,1,,,,,,2228,,109,261,412,,,,"7,255","3,784",,,,,,,,,,,,,,,,
1/2/2024,33,,,1,,,,,,2096,,88,638,1563,,,,"7,256","3,784",,,,,,,,,,,,,,,,
1/3/2024,58,,,1,,,,,,2110,,95,635,1666,,,,"7,257","3,784",,,,,,,,,,,,,,,,
1/4/2024,27,,,1,,,,,,1877,,94,630,1462,,,,"7,258","3,784",,,,,,,,,,,,,,,,
1/5/2024,47,,,0,,,,,,1885,,84,857,1829,,,,"7,259","3,784",,,,,,,,,,,,,,,,
1/6/2024,32,,,0,,,,,,1110,,86,274,521,,,,"7,259","3,784",,,,,,,,,,,,,,,,
1/7/2024,14,,,4,,,,,,1145,,67,312,554,,,,"7,259","3,784",,,,,,,,,,,,,,,,
1/8/2024,24,,,3,,,,,,850,,77,686,1623,,,,"7,263","3,784",,,,,,,,,,,,,,,,
1/9/2024,98,,,2,,,,,,1370,,88,747,1773,,,,"7,266","3,784",,,,,,,,,,,,,,,,
1/10/2024,47,,,0,,,,,,1503,,77,812,2599,,,,"7,268","3,784",,,,,,,,,,,,,,,,
1/11/2024,664,,,4,,,,,,3255,,87,807,3396,,,,"7,268","3,784",,,,,,,,,,,,,,,,
1/12/2024,519,,,10,,,,,,3235,,76,798,2048,,,,"7,272","3,784",,,,,,,,,,,,,,,,
1/13/2024,106,,,2,,,,,,1406,,73,272,489,,,,"7,282","3,784",,,,,,,,,,,,,,,,
1/14/2024,35,,,1,,,,,,775,,60,303,573,,,,"7,284","3,784",,,,,,,,,,,,,,,,
1/15/2024,155,,,5,,,,,,3054,,81,391,791,,,,"7,285","3,784",,,,,,,,,,,,,,,,
1/16/2024,102,,,12,,,,,,3159,,98,664,1642,,,,"7,290","3,784",,,,,,,,,,,,,,,,
1/17/2024,115,,,11,,,,,,2504,,98,647,1731,,,,"7,302","3,784",,,,,,,,,,,,,,,,
1/18/2024,194,,,4,,,,,,2580,,97,778,1887,,,,"7,313","3,784",,,,,,,,,,,,,,,,
1/19/2024,88,,,7,,,,,,2261,,77,447,932,,,,"7,317","3,784",,,,,,,,,,,,,,,,
1/20/2024,44,,,3,,,,,,1673,,67,293,462,,,,"7,324","3,784",,,,,,,,,,,,,,,,
1/21/2024,29,,,4,,,,,,1339,,69,329,762,,,,"7,327","3,784",,,,,,,,,,,,,,,,
1/22/2024,304,,,6,,,,,,3815,,75,725,1617,,,,"7,331","3,784",,,,,,,,,,,,,,,,
1/23/2024,385,,,3,,,,,,2501,,81,828,1822,,,,"7,337","3,784",,,,,,,,,,,,,,,,
1/24/2024,188,,,3,,,,,,2859,,90,772,1919,,,,"7,340","3,784",,,,,,,,,,,,,,,,
1/25/2024,231,,,5,,,,,,2875,,91,838,1881,,,,"7,343","3,784",,,,,,,,,,,,,,,,
1/26/2024,168,,,0,,,,,,2474,,80,628,1771,,,,"7,348","3,784",,,,,,,,,,,,,,,,
1/27/2024,31,,,0,,,,,,1422,,80,333,629,,,,"7,348","3,784",,,,,,,,,,,,,,,,
1/28/2024,31,,,0,,,,,,1249,,74,413,720,,,,"7,348","3,784",,,,,,2093.214286,,82.82142857,575.6428571,1395.5,,,,,,
1/29/2024,66,,,1,,,,,,2839,,75,810,1992,,,,"7,348","3,784",,,,,,2118.931034,,82.55172414,583.7241379,1416.068966,,,,,,
1/30/2024,291,,,3,,,,,,3968,,83,791,1878,139.6,,,"7,349","3,784",,,,,,2180.566667,,82.56666667,590.6333333,1431.466667,,,,,,
1/31/2024,135,,,1,,,,,,4157,,112,717,1627,142.0333333,,,"7,352","3,784",,,,,,2244.866667,,82.66666667,605.8333333,1471.966667,,,,,,
2/1/2024,101,,,2,,,,,,4349,,104,698,1504,144.3,,,"7,353","3,784",,,,,,2319.966667,,83.2,607.8333333,1470,,,,,,
2/2/2024,129,,,0,,,,,,4039,,105,669,1481,146.6666667,,,"7,355","3,784",,,,,,2384.266667,,83.53333333,608.9666667,1463.833333,,,,,,
2/3/2024,92,,,0,,,,,,3666,,112,290,592,148.8333333,,,"7,355","3,784",,,,,,2443.9,,84.13333333,597.6333333,1434.833333,,,,,,
2/4/2024,51,,,0,,,,,,3216,,92,397,726,148.9666667,,,"7,355","3,784",,,,,,2488.266667,,84.4,582.3,1398.066667,,,,,,
2/5/2024,104,,,3,,,,,,2398,,79,761,1767,151.3666667,,,"7,355","3,784",,,,,,2531.2,,84.16666667,598.5333333,1439.6,,,,,,
2/6/2024,420,,,9,,,,,,6099,,93,926,2305,164.9,,,"7,358","3,784",,,,,,2696.333333,,85.03333333,619,1497.966667,,,,,,
2/7/2024,471,,,8,,,,,,11686,,90,880,2325,179.8,,,"7,367","3,784",,,,,,3057.533333,,85.46666667,625.4666667,1521.366667,,,,,,
2/8/2024,429,,,20,,,,,,11493,,122,850,2690,190.8333333,,,"7,375","3,784",,,,,,3394.966667,,86.6,628.9,1551.933333,,,,,,
2/9/2024,282,,,5,,,,,,6013,,132,745,1705,198.6666667,,,"7,395","3,784",,,,,,3545.3,,88.43333333,626.6666667,1522.133333, ,,,,,
2/10/2024,97,,,0,,,,,,3795,,93,353,736,179.7666667,,,"7,400","3,784",,,,,,3563.3,,88.63333333,611.5333333,1433.466667,,,,,,
2/11/2024,193,,,3,,,,,,5377,,105,359,984,168.9,,,"7,400","3,784",,,,,,3634.7,,89.6,596.9,1398,,,,,,
2/12/2024,226,,,0,,,,,,4165,,160,966,2355,172.9,,,"7,403","3,784",,,,,,3726.666667,,92.5,620.0333333,1460.2,,,,,,
2/13/2024,268,,,0,,,,,,3642,,139,935,2268,180.6666667,,,"7,403","3,784",,,,,,3822.233333,,95.13333333,641.1,1516.7,,,,,,
2/14/2024,207,,,1,,,,,,2630,,152,745,1640,182.4,,,"7,403","3,784",,,,,,3808.1,,97.5,652.9,1545,,,,,,
2/15/2024,198,,,2,,,,,,3168,,160,798,1884,185.6,,,"7,404","3,784",,,,,,3808.4,,99.56666667,657.3666667,1553.066667,,,,,,
2/16/2024,148,,,3,,,,,,2723,,131,556,1300,186.7,,,"7,406","3,784",,,,,,3815.7,,100.6666667,654.3333333,1538.7,,,,,,
2/17/2024,149,,,1,,,,,,2427,,182,331,578,185.2,,,"7,409","3,784",,,,,,3810.6,,103.5,639.4333333,1495.066667,,,,,,
2/18/2024,107,,,7,,,,,,2124,,402,408,726,185.8333333,,,"7,410","3,784",,,,,,3806.033333,,114.3333333,638.1333333,1488.2,,,,,,
2/19/2024,54,,,1,,,,,,1251,,293,564,1145,186.1666667,,,"7,417","3,784",,,,,,3791.966667,,121.8666667,647.1666667,1510.966667,,,,,,
2/20/2024,24,,,1,,,,,,1078,,86,796,1863,186,,,"7,418","3,784",,,,,,3783.266667,,122.4333333,662.7333333,1547.666667,,,,,,
2/21/2024,49,,,3,,,,,,901,,96,923,2747,177.5,,,"7,419","3,784",,,,,,3686.133333,,123.1333333,669.3333333,1585.333333,,,,,,
2/22/2024,83,,,1,,,,,,2121,,116,773,1736,167.4333333,,,"7,422","3,784",,,,,,3673.466667,,124.3,667.5,1582.466667,,,,,,
2/23/2024,235,,,4,,,,,,4487,,96,622,1527,169,,,"7,423","3,784",,,,,,3727.733333,,124.5,662.5,1569.4,,,,,,
2/24/2024,110,,,3,,,,,,2573,,75,323,608,164.9666667,,,"7,427","3,784",,,,,,3717.666667,,123.9666667,645.3333333,1526.966667,,,,,,
2/25/2024,60,,,1,,,,,,1845,,57,417,816,161.3666667,,,"7,430","3,784",,,,,,3696.7,,123.2,638.3,1495.133333,,,,,,
2/26/2024,134,,,3,,,,,,2398,,102,806,2046,164.8,,,"7,431","3,784",,,,,,3729.233333,,123.9333333,654.0666667,1542.366667,,,,,,
2/27/2024,60,,,2,,,,,,1535,,164,845,2182,165.7666667,,,"7,434","3,784",,,,,,3738.766667,,126.9333333,668.4666667,1591.1,,,,,,
2/28/2024,76,,,0,,,,,,1466,,246,838,2824,166.1,,,"7,436","3,784",,,,,,3693,,132.6333333,669.4,1618.833333,,,,,,
2/29/2024,72,,,2,,,,,,1870,,278,892,1923,158.8,,,"7,436","3,784",,,,,,3623.066667,,139.1333333,672.7666667,1620.333333,,,,,,
3/1/2024,81,,,0,,,,,,1639,,261,641,1208,157,,,"7,438","3,784",,,,,,3539.133333,,144.1,670.2333333,1606.366667,,,,,,
3/2/2024,96,,,0,,,,,,1468,,250,364,586,156.8333333,,,"7,438","3,784",,,,,,3443.1,,148.9666667,659.1,1575.766667,,,,,,
3/3/2024,49,,,1,,,,,,1063,,258,400,696,154.1666667,,,"7,438","3,784",,,,,,3343.9,,154.0666667,650.1333333,1549.6,,,,,,
3/4/2024,26,,,1,,,,,,866,,81,831,1740,151.9666667,,,"7,439","3,784",,,,,,3250.566667,,153.0333333,668.1666667,1587.866667,,,,,,
3/5/2024,36,,,0,,,,,,939,,82,756,2320,151.4666667,,,"7,440","3,784",,,,,,3174.666667,,152.7,680.1333333,1641,,,,,,
3/6/2024,46,,,3,,,,,,1684,,103,817,2550,149.5333333,,,"7,440","3,784",,,,,,3150.866667,,153.5,682,1667.1,,,,,,
3/7/2024,82,,,0,,,,,,1744,,57,816,2200,138.2666667,,,"7,443","3,784",,,,,,3005.7,,152.3,678.3333333,1663.6,,,,,,
3/8/2024,171,,,0,,,,,,1865,,93,630,1250,128.2666667,,,"7,443","3,784",,,,,,2678.333333,,152.4,670,1627.766667,,,,,,
3/9/2024,77,,,0,,,,,,1652,,80,363,699,116.5333333,,,"7,443","3,784",,,,,,2350.3,,151,653.7666667,1561.4,,,,,,
3/10/2024,18,,,2,,,,,,716,,68,368,614,107.7333333,,,"7,443","3,784",,,,,,2173.733333,,148.8666667,641.2,1525.033333,,,,,,
3/11/2024,38,,,4,,,,,,1770,,63,781,1760,105.7666667,,,"7,445","3,784",,,,,,2106.233333,,147.8666667,655.4666667,1559.166667,,,,,,
3/12/2024,67,,,2,,,,,,1460,,57,862,2261,101.5666667,,,"7,449","3,784",,,,,,1975.666667,,146.2666667,672.2333333,1601.733333,,,,,,
3/13/2024,44,,,3,,,,,,1890,,81,751,2104,95.5,,,"7,451","3,784",,,,,,1899.833333,,143.6333333,665.0666667,1593.366667,,,,,,
3/14/2024,72,,,0,,,,,,3216,,236,740,1945,88.96666667,,,"7,454","3,784",,,,,,1885.633333,,146.8666667,658.5666667,1582.6,,,,,,
3/15/2024,100,,,3,,,,,,4157,,425,770,2619,85.4,,,"7,454","3,784",,,,,,1936.533333,,155.9666667,659.4,1615.233333,,,,,,
3/16/2024,59,,,0,,,,,,4097,,651,383,637,80.76666667,,,"7,457","3,784",,,,,,1967.5,,172.3333333,645.5666667,1573.666667,,,,,,
3/17/2024,167,,,0,,,,,,4880,,889,428,762,81.4,,,"7,457","3,784",,,,,,2039.4,,197.6,641.3,1555.733333,,,,,,
3/18/2024,153,,,0,,,,,,5368,,814,941,2610,81.53333333,,,"7,457","3,784",,,,,,2137.433333,,218.6666667,661.6333333,1623.466667,,,,,,
3/19/2024,76,,,3,,,,,,3907,,819,828,2024,80.5,,,"7,457","3,784",,,,,,2196.866667,,232.5666667,675.6333333,1666.733333,,,,,,
3/20/2024,48,,,1,,,,,,3776,,817,813,2099,80.3,,,"7,460","3,784",,,,,,2281.033333,,250.0333333,683.9333333,1698.533333,,,,,,
3/21/2024,54,,,3,,,,,,2609,,587,789,1729,81.3,,,"7,461","3,784",,,,,,2332.066667,,266.7333333,683.7,1694.066667,,,,,,
3/22/2024,70,,,0,,,,,,1953,,235,729,1561,82,,,"7,464","3,784",,,,,,2367.133333,,271.3666667,677.2333333,1654.533333,,,,,,
3/23/2024,52,,,2,,,,,,886,,66,414,695,80.96666667,,,"7,464","3,784",,,,,,2325.966667,,269.7,665.2666667,1619.833333,,,,,,
3/24/2024,13,,,0,,,,,,607,,50,365,627,73.56666667,,,"7,466","3,784",,,,,,2196.633333,,268.1666667,656.7,1589.833333,,,,,,
3/25/2024,91,,,1,,,,,,2301,,63,771,1538,72.93333333,,,"7,466","3,784",,,,,,2187.566667,,267.7666667,671.6333333,1620.833333,,,,,,
3/26/2024,41,,,0,,,,,,1686,,84,717,1497,72.3,,,"7,467","3,784",,,,,,2182.266667,,268.6666667,681.6333333,1643.533333,,,,,,
3/27/2024,33,,,0,,,,,,1112,,74,706,1542,68.93333333,,,"7,467","3,784",,,,,,2139.4,,267.7333333,678.3,1626.733333,,,,,,
3/28/2024,76,,,2,,,,,,1758,,107,709,1343,69.46666667,,,"7,467","3,784",,,,,,2146.833333,,265.8333333,673.7666667,1598.766667,,,,,,
3/29/2024,55,,,0,,,,,,1240,,80,530,1037,68.76666667,,,"7,469","3,784",,,,,,2139.3,,260.3,663.5,1539.2,,,,,,
3/30/2024,26,,,1,,,,,,925,,62,373,638,67.23333333,,,"7,469","3,784",,,,,,2107.8,,253.1,646.2,1496.366667,,,,,,
3/31/2024,8,,,0,,,,,,956,,51,389,803,64.8,,,"7,470","3,784",,,,,,2085.033333,,246.1,637.8,1482.866667,,,,,,
4/1/2024,40,,,2,,,,,,1382,,64,756,1473,62.93333333,,,"7,470","3,784",,,,,,2082.166667,,239.9,650.8666667,1512.433333,,,,,,
4/2/2024,43,,,0,,,,,,1254,,59,699,1320,62.73333333,,,"7,472","3,784",,,,,,2088.533333,,233.2666667,660.8333333,1533.233333,,,,,,
4/3/2024,14,,,1,,,,,,776,,53,770,1890,62.33333333,,,"7,472","3,784",,,,,,2085.533333,,232.3333333,658.8,1538.233333,,,,,,
4/4/2024,20,,,1,,,,,,1207,,53,705,1549,61.8,,,"7,473","3,784",,,,,,2094.466667,,231.3666667,657.1,1512.533333,,,,,,
4/5/2024,33,,,0,,,,,,1460,,64,1364,2252,61.36666667,,,"7,474","3,784",,,,,,2087,,230.0666667,675.3333333,1502.6,,,,,,
4/6/2024,27,,,0,,,,,,1808,,66,563,891,59.53333333,,,"7,474","3,784",,,,,,2089.133333,,230.3666667,666.9,1458.966667,,,,,,
4/7/2024,4,,,1,,,,,,639,,23,469,740,53.96666667,,,"7,474","3,784",,,,,,2048.266667,,228.0333333,661.5333333,1441.966667,,,,,,
4/8/2024,39,,,0,,,,,,2531,,115,873,1732,52.7,,,"7,475","3,784",,,,,,2077.566667,,229.2,678.5333333,1476.4,,,,,,
4/9/2024,33,,,1,,,,,,1388,,83,1111,1945,53.2,,,"7,475","3,784",,,,,,2099.966667,,229.7,703.3,1520.766667,,,,,,
4/10/2024,18,,,0,,,,,,955,,82,771,1464,52.53333333,,,"7,476","3,784",,,,,,2072.8,,230.3333333,702.9666667,1510.9,,,,,,
4/11/2024,87,,,3,,,,,,1980,,73,1701,2987,53.2,,,"7,476","3,784",,,,,,2090.133333,,230.8666667,730.9333333,1535.1,,,,,,
4/12/2024,51,,,6,,,,,,2843,,70,812,1592,53.43333333,,,"7,479","3,784",,,,,,2121.9,,230.5,732.9666667,1518.033333,,,,,,
4/13/2024,1108,,,69,,,,,,75236,,73,351,577,87.96666667,,,"7,485","3,784",,,,,,4522.566667,,225.0666667,720,1472.433333,,,,,,
4/14/2024,139,,,21,,,,,,21139,,41,440,805,89.26666667,,,"7,554","3,784",,,,,,5088.633333,,212.2666667,709,1411.966667,,,,,,
4/15/2024,74,,,10,,,,,,11900,,48,779,1743,89.76666667,,,"7,575","3,784",,,,,,5348.733333,,192.1666667,722.2,1448.833333,,,,,,
4/16/2024,51,,,10,,,,,,8597,,52,1516,2336,85.9,,,"7,585","3,784",,,,,,5472.633333,,164.2666667,758.4666667,1501.3,,,,,,
4/17/2024,23,,,3,,,,,,5212,,41,884,1959,81.56666667,,,"7,595","3,784",,,,,,5467.433333,,138.5,756.5666667,1479.6,,,,,,
4/18/2024,30,,,4,,,,,,2623,,59,810,1673,80.03333333,,,"7,598","3,784",,,,,,5424.633333,,113.1666667,755.9666667,1467.9,,,,,,
4/19/2024,27,,,2,,,,,,2193,,53,665,1344,79.33333333,,,"7,602","3,784",,,,,,5371.866667,,87.7,751.0333333,1442.733333,,,,,,
4/20/2024,16,,,4,,,,,,2130,,41,317,545,78.06666667,,,"7,604","3,784",,,,,,5355.9,,69.5,735.3,1403.266667,,,,,,
4/21/2024,7,,,1,,,,,,1746,,57,1150,1469,75.96666667,,,"7,608","3,784",,,,,,5349,,63.56666667,749.3333333,1400.2,,,,,,
4/22/2024,33,,,2,,,,,,2357,,108,1060,2355,75.33333333,,,"7,609","3,784",,,,,,5398.033333,,64.96666667,770.8666667,1455.533333,,,,,,
4/23/2024,13,,,0,,,,,,1608,,88,1020,2348,75.33333333,,,"7,611","3,784",,,,,,5431.4,,66.23333333,792.7,1512.9,,,,,,
4/24/2024,37,,,1,,,,,,2027,,70,970,2107,73.53333333,,,"7,611","3,784",,,,,,5422.266667,,66.46666667,799.3333333,1531.866667,,,,,,
4/25/2024,17,,,2,,,,,,1597,,72,829,1679,72.73333333,,,"7,612","3,784",,,,,,5419.3,,66.06666667,803.0666667,1537.933333,,,,,,
4/26/2024,93,,,3,,,,,,2784,,120,1509,2401,74.73333333,,,"7,614","3,784",,,,,,5475.033333,,67.6,829.8333333,1566.566667,,,,,,
4/27/2024,38,,,3,,,,,,2414,,104,414,654,73.46666667,,,"7,617","3,784",,,,,,5496.9,,67.5,820,1543.6,,,,,,
4/28/2024,11,,,0,,,,,,1404,,35,422,691,72,,,"7,620","3,784",,,,,,5502.366667,,66,816.4,1532.066667,,,,,,
4/29/2024,9,,,1,,,,,,1543,,53,807,1706,71.43333333,,,"7,620","3,784",,,,,,5522.966667,,65.7,830.8666667,1567.666667,,,,,,
4/30/2024,20,,,0,,,,,,1535,,54,889,3028,71.83333333,,,"7,621","3,784",,,,,,5542.266667,,65.8,847.5333333,1641.833333,,,,,,
5/1/2024,15,,,1,,,,,,1191,,53,1385,2583,71,,,"7,621","3,784",,,,,,5535.9,,65.43333333,868.5,1678.833333,,,,,,
5/2/2024,15,,,2,,,,,,1422,,44,839,1774,70.06666667,,,"7,622","3,784",,,,,,5541.5,,64.93333333,873.1666667,1693.966667,,,,,,
5/3/2024,28,,,2,,,,,,1637,,54,626,1225,70.53333333,,,"7,624","3,784",,,,,,5570.2,,64.96666667,868.3666667,1671.8,,,,,,
5/4/2024,30,,,1,,,,,,2258,,69,345,559,70.86666667,,,"7,626","3,784",,,,,,5605.233333,,65.5,856.3666667,1638.8,,,,,,
5/5/2024,5,,,0,,,,,,1307,,128,385,585,69.93333333,,,"7,627","3,784",,,,,,5600.133333,,67.63333333,823.7333333,1583.233333,,,,,,
5/6/2024,15,,,0,,,,,,1386,,42,1569,2653,69.53333333,,,"7,627","3,784",,,,,,5586.066667,,66.83333333,857.2666667,1641.966667,,,,,,
5/7/2024,16,,,1,,,,,,1292,,45,828,1759,69.93333333,,,"7,627","3,784",,,,,,5607.833333,,67.56666667,869.2333333,1675.933333,,,,,,
5/8/2024,18,,,1,,,,,,1143,,68,835,1757,69.23333333,,,"7,628","3,784",,,,,,5561.566667,,66,867.9666667,1676.766667,,,,,,
5/9/2024,33,,,2,,,,,,1775,,76,773,1500,69.23333333,,,"7,629","3,784",,,,,,5574.466667,,65.76666667,856.7,1661.933333,,,,,,
5/10/2024,55,,,1,,,,,,2066,,68,618,1141,70.46666667,,,"7,631","3,784",,,,,,5611.5,,65.3,851.6,1651.166667,,,,,,
5/11/2024,22,,,1,,,,,,1693,,168,1061,1266,68.3,,,"7,632","3,784",,,,,,5601.933333,,68.46666667,830.2666667,1593.8,,,,,,
5/12/2024,11,,,0,,,,,,969,,50,362,612,66.96666667,,,"7,633","3,784",,,,,,5539.466667,,67.8,815.2666667,1561.133333,,,,,,
5/13/2024,37,,,2,,,,,,1330,,66,801,1993,31.26666667,,,"7,633","3,784",,,,,,3075.933333,,67.56666667,830.2666667,1608.333333,,,,,,
5/14/2024,27,,,1,,,,,,1565,,56,949,2162,27.53333333,,,"7,635","3,784",,,,,,2423.466667,,68.06666667,847.2333333,1653.566667,,,,,,
5/15/2024,64,7,,0,3,,2009,382,,2009,,117,785,1547,27.2,7,,"7,636","3,784",,,2009,382,,2093.766667,,70.36666667,847.4333333,1647.033333,,,,,,
5/16/2024,82,17,,0,4,,1704,621,,1704,,79,1508,2342,28.23333333,12,,"7,636","3,787",,,1856.5,501.5,,1864,,71.26666667,847.1666667,1647.233333,,,,,,
5/17/2024,45,10,,0,3,,1328,672,,1328,,69,767,1626,28.96666667,11.33333333,,"7,636","3,791",,,1680.333333,558.3333333,,1734.533333,,72.2,843.2666667,1636.133333,,,,,,
5/18/2024,18,7,,1,1,,1657,577,,1657,,236,300,496,28.56666667,10.25,,"7,636","3,794",,,1674.5,563,,1702.333333,,78.1,826.2666667,1596.9,,,,,,
5/19/2024,8,5,,0,1,,1095,222,,1095,,30,402,625,27.93333333,9.2,,"7,637","3,795",,,1558.6,494.8,,1665.733333,,77.33333333,817.5,1572.933333,,,,,,
5/20/2024,40,14,,1,3,,1742,930,,1742,,71,761,1549,28.73333333,10,,"7,637","3,796",,,1589.166667,567.3333333,,1652.8,,78.33333333,832.3,1606.4,,,,,,
5/21/2024,9,10,,0,2,,1503,927,,1503,,65,1539,2802,28.8,10,,"7,638","3,799",,,1576.857143,618.7142857,,1644.7,,78.6,845.2666667,1650.833333,,,,,,
5/22/2024,32,11,,1,3,,1857,560,,1857,,74,848,1831,28.76666667,10.125,,"7,638","3,801",,,1611.875,611.375,,1628.033333,,77.46666667,838.2,1633.366667,,,,,,
5/23/2024,45,9,,1,0,,2707,453,,2707,,58,791,1872,29.83333333,10,,"7,639","3,804",,,1733.555556,593.7777778,,1664.666667,,76.46666667,830.5666667,1617.5,,,,,,
5/24/2024,34,20,,1,3,,1501,732,,1501,,76,651,1384,29.73333333,11,,"7,640","3,804",,,1710.3,607.6,,1647.133333,,76.66666667,819.9333333,1593.4,,,,,,
5/25/2024,18,12,,1,0,,1353,509,,1353,,76,303,514,29.76666667,11.09090909,,"7,641","3,807",,,1677.818182,598.6363636,,1639,,76.8,802.4,1554.566667,,,,,,
5/26/2024,8,7,,2,2,,1071,300,,1071,,103,386,568,26.93333333,10.75,,"7,642","3,807",,,1627.25,573.75,,1581.9,,76.23333333,764.9666667,1493.466667,,,,,,
5/27/2024,15,4,,0,1,,896,292,,896,,60,490,908,26.16666667,10.23076923,,"7,644","3,809",,,1571,552.0769231,,1531.3,,74.76666667,767.5,1501.933333,,,,,,
5/28/2024,10,8,,0,6,,889,495,,889,,45,859,1865,26.13333333,10.07142857,,"7,644","3,810",,,1522.285714,548,,1514.133333,,75.1,782.0666667,1541.066667,,,,,,
5/29/2024,45,3,,2,3,,1526,465,,1526,,56,849,1853,27.33333333,9.6,,"7,644","3,816",,,1522.533333,542.4666667,,1513.566667,,75.2,783.4666667,1545.966667,,,,,,
5/30/2024,127,19,,0,4,,1569,664,,1569,,67,788,2015,30.9,10.1875,,"7,646","3,819",,,1525.4375,550.0625,,1514.7,,75.63333333,780.1,1512.2,,,,,,
5/31/2024,99,12,,6,6,,1735,738,,1735,,50,624,1392,33.7,10.29411765,,"7,646","3,823",,,1537.764706,561.1176471,,1532.833333,,75.53333333,754.7333333,1472.5,,,,,,
6/1/2024,28,8,,2,3,,1218,502,,1218,,76,337,552,34.13333333,10.16666667,,"7,652","3,829",,,1520,557.8333333,,1526.033333,,76.6,738,1431.766667,,,,,,
6/2/2024,25,9,,0,1,,738,267,,738,,88,398,670,34.03333333,10.10526316,,"7,654","3,832",,,1478.842105,542.5263158,,1496.066667,,77.73333333,730.4,1413.266667,,,,,,
6/3/2024,28,14,,1,5,,1355,1191,,1355,,51,746,1496,33.96666667,10.3,,"7,654","3,833",,,1472.65,574.95,,1465.966667,,77.13333333,743.7666667,1444.5,,,,,,
6/4/2024,25,14,,1,3,,1088,714,,1088,,50,807,1678,34.63333333,10.47619048,,"7,655","3,838",,,1454.333333,581.5714286,,1458.666667,,74.53333333,757.8333333,1480.933333,,,,,,
6/5/2024,21,9,,0,2,,1107,346,,1107,,45,721,1442,34.83333333,10.40909091,,"7,656","3,841",,,1438.545455,570.8636364,,1449.366667,,74.63333333,729.5666667,1440.566667,,,,,,
6/6/2024,16,7,,1,6,,892,394,,892,,44,685,1349,34.83333333,10.26086957,,"7,656","3,843",,,1414.782609,563.173913,,1436.033333,,74.6,724.8,1426.9,,,,,,
6/7/2024,33,16,,0,1,,1162,634,,1162,,81,508,900,35.33333333,10.5,,"7,657","3,849",,,1404.25,566.125,,1436.666667,,75.03333333,713.9,1398.333333,,,,,,
6/8/2024,43,9,,1,4,,1184,364,,1184,,56,313,517,35.66666667,10.44,,"7,657","3,850",,,1395.44,558.04,,1416.966667,,74.36666667,698.5666667,1365.566667,,,,,,
6/9/2024,19,3,,0,0,,668,235,,668,,28,346,535,34.46666667,10.15384615,,"7,658","3,854",,,1367.461538,545.6153846,,1370.366667,,73.03333333,689.5,1345.366667,,,,,,
6/10/2024,35,12,,1,3,,1456,480,,1456,252,33,713,1653,34.9,10.22222222,,"7,658","3,854",,,1370.740741,543.1851852,,1362.466667,252,68.53333333,677.9,1358.266667,,,,,,
6/11/2024,69,37,,17,4,,1571,1159,,1571,640,45,794,2156,36.83333333,11.17857143,,"7,659","3,857",,,1377.892857,565.1785714,,1382.533333,446,68.36666667,692.3,1409.733333,,,,,,
6/12/2024,82,14,,1,1,,2288,754,,2288,429,63,616,1583,38.33333333,11.27586207,,"7,676","3,861",,,1409.275862,571.6896552,,1414.466667,440.3333333,68.26666667,686.1333333,1396.066667,,,,,,
6/13/2024,54,24,,4,2,,1982,822,,1982,411,70,664,1416,39.23333333,11.7,,"7,677","3,862",,,1428.366667,580.0333333,,1428.366667,433,68.73333333,676.6333333,1371.2,,,,,,
6/14/2024,46,30,,0,2,,1396,720,,1396,443,48,480,979,38.63333333,12.46666667,,"7,681","3,864",,,1407.933333,591.3,,1407.933333,435,66.43333333,666.4666667,1352.266667,,,,,,
6/15/2024,27,22,,0,3,,1355,482,,1355,280,156,288,521,36.8,12.63333333,,"7,681","3,866",,,1396.3,586.6666667,,1396.3,409.1666667,69,625.8,1291.566667,,,,,,
6/16/2024,10,20,,1,2,,764,448,,764,262,41,285,615,35.63333333,12.96666667,,"7,681","3,869",,,1377.5,579.2,,1377.5,388.1428571,68.06666667,609.7333333,1257.866667,,,,,,
6/17/2024,7,6,,2,3,,945,526,,945,314,71,605,1653,35.26666667,12.93333333,,"7,682","3,871",,,1353.766667,577.5,,1353.766667,378.875,62.56666667,619.9,1296.433333,,,,,,
6/18/2024,163,56,,5,3,,3076,966,,3076,489,73,626,1433,40.43333333,14.63333333,,"7,684","3,874",,,1419.8,602.3,,1419.8,391.1111111,64,627.3666667,1323.366667,,,,,,
6/19/2024,50,60,,2,2,,1637,1842,,1637,679,58,493,1089,40.76666667,16.16666667,,"7,689","3,877",,,1416.3,632.7,,1416.3,419.9,63.56666667,618.4333333,1308.033333,,,,,,
6/20/2024,25,30,,2,4,,929,777,,929,425,38,513,1161,41.3,16.83333333,,"7,691","3,879",,,1397.166667,627.7,,1397.166667,420.3636364,62.66666667,584.2333333,1253.333333,,,,,,
6/21/2024,75,31,,3,2,,1988,857,,1988,360,201,474,1099,42.73333333,17.5,,"7,693","3,883",,,1401.533333,637.6,,1401.533333,415.3333333,66.9,571.7666667,1228.933333,,,,,,
6/22/2024,23,6,,1,0,,1147,541,,1147,283,95,304,504,42,17.4,,"7,696","3,885",,,1349.533333,640.5333333,,1349.533333,405.1538462,68.13333333,555.5333333,1183.333333,,,,,,
6/23/2024,11,9,,1,3,,581,281,,581,172,27,308,570,41.23333333,17.03333333,,"7,697","3,885",,,1318.866667,625.5,,1318.866667,388.5,66.5,544.1,1156.2,,,,,,
6/24/2024,11,23,,1,2,,760,573,,760,353,39,603,1243,41,17.4,,"7,698","3,888",,,1299.1,627.6333333,,1299.1,386.1333333,65.26666667,554.1,1180.5,,,,,,
6/25/2024,10,15,,5,4,,511,564,,511,251,48,587,1480,41.06666667,17.66666667,,"7,699","3,890",,,1280.433333,636.4333333,,1280.433333,377.6875,63.43333333,560.8,1210.9,,,,,,
6/26/2024,24,8,,0,5,,1335,488,,1335,218,74,628,1506,41.36666667,17.8,,"7,704","3,894",,,1295.066667,642.9666667,,1295.066667,368.2941176,63.9,565.4,1230.833333,,,,,,
6/27/2024,22,5,,0,1,,1081,440,,1081,207,63,564,1172,41.76666667,17.7,,"7,704","3,899",,,1301.466667,641.1333333,,1301.466667,359.3333333,64.5,555.5666667,1207.733333,,,,,,
6/28/2024,118,16,,1,3,,2521,473,,2521,233,71,452,1067,44.2,18.13333333,,"7,704","3,900",,,1334.633333,641.4,,1334.633333,352.6842105,65,542.3333333,1181.533333,,,,,,
6/29/2024,52,16,,0,1,,1345,485,,1345,219,48,276,492,41.7,18.03333333,,"7,705","3,903",,,1327.166667,635.4333333,,1327.166667,346,64.36666667,525.2666667,1130.766667,,,,,,
6/30/2024,20,6,,0,0,,717,244,,717,117,25,279,530,39.06666667,17.83333333,,"7,705","3,904",,,1293.233333,618.9666667,,1293.233333,335.0952381,63.53333333,513.7666667,1102.033333,,,,,,
7/1/2024,48,9,,5,4,,2155,564,,2155,264,55,652,1637,39.73333333,17.86666667,,"7,705","3,904",,,1324.466667,621.0333333,,1324.466667,331.8636364,62.83333333,524.2666667,1138.2,,,,,,
7/2/2024,70,16,,2,3,,2338,683,,2338,282,44,548,1263,41.23333333,18.1,,"7,710","3,908",,,1377.8,634.9,,1377.8,329.6956522,61.36666667,529.2666667,1157.966667,,,,,,
7/3/2024,20,26,,1,4,,1292,878,,1292,414,149,578,1325,40.96666667,18.5,,"7,712","3,911",,,1375.7,624.4666667,,1375.7,333.2083333,64.63333333,523.6666667,1152.266667,,,,,,
7/4/2024,38,6,,0,0,,1537,826,,1537,268,70,278,445,41.4,18.23333333,,"7,713","3,915",,,1390.666667,628.2,,1390.666667,330.6,65.3,506.0333333,1111.166667,,,,,,
7/5/2024,34,10,,1,2,,1739,589,,1739,275,59,398,795,41.83333333,18.26666667,,"7,713","3,915",,,1411.733333,636.3,,1411.733333,328.4615385,65.76666667,495.2666667,1089.6,,,,,,
7/6/2024,23,13,,0,4,,1134,560,,1134,289,166,328,592,42.06666667,18.46666667,,"7,714","3,917",,,1419.8,641.8333333,,1419.8,327,69.83333333,483.3666667,1064.366667,,,,,,
7/7/2024,3,3,,0,2,,561,297,,561,164,27,327,574,41.06666667,18.03333333,,"7,714","3,921",,,1399.766667,630.6,,1399.766667,321.1785714,68.03333333,477.3333333,1053.5,,,,,,
7/8/2024,89,9,,0,7,,1925,979,,1925,373,57,697,1585,42.6,18.03333333,,"7,714","3,923",,,1424.466667,651.1,,1424.466667,322.9655172,68.06666667,490.1333333,1089.1,,,,,,
7/9/2024,111,29,,2,6,,3386,1081,,3386,578,58,634,1373,45.66666667,18.9,,"7,714","3,930",,,1515.066667,679.3,,1515.066667,331.4666667,69.06666667,499.7333333,1117.033333,,,,,,
7/10/2024,148,38,,4,10,,10448,971,,10448,586,145,656,1476,49.43333333,19.76666667,,"7,716","3,936",,,1814.8,695.6666667,,1814.8,342.6,72.8,497.8333333,1111.133333,,,,,,
7/11/2024,50,54,,2,5,,14486,1031,,14486,548,450,696,1576,48.8,20.33333333,,"7,720","3,946",,,2245.3,691.4,,2245.3,339.5333333,86.3,494.5666667,1091.8,,,,,,
7/12/2024,52,73,,4,10,,13238,1171,,13238,671,931,504,1020,47.8,22.3,,"7,722","3,951",,,2610.3,705.3,,2610.3,347.6,115.2333333,490.8333333,1073.033333,,,,,,
7/13/2024,40,32,,1,8,,11965,807,,11965,430,956,304,504,47.33333333,22.56666667,,"7,726","3,961",,,2943.066667,704.8,,2943.066667,348.2333333,144.7666667,478.8333333,1042.633333,,,,,,
7/14/2024,24,24,,1,5,,11711,565,,11711,334,1347,306,521,46.6,22.36666667,,"7,727","3,969",,,3286.9,699.6333333,,3286.9,344.6,188.0666667,473.0333333,1027.366667,,,,,,
7/15/2024,25,60,,1,10,,12985,1158,,12985,646,1794,587,1412,46.53333333,23.63333333,,"7,728","3,974",,,3674.566667,722.1666667,,3674.566667,356.8,242.6666667,483,1057.066667,,,,,,
7/16/2024,58,100,,2,8,,12609,1585,,12609,696,1739,624,1241,48.13333333,26.3,,"7,729","3,984",,,4069.4,760.0666667,,4069.4,371.2666667,299.2666667,494.3,1077.933333,,,,,,
7/17/2024,19,31,,1,10,,10797,1193,,10797,501,1330,631,1451,48.53333333,27.13333333,,"7,731","3,992",,,4397.8,782.3,,4397.8,377.5,341.2333333,495.1666667,1071.2,,,,,,
7/18/2024,28,22,,0,5,,10732,979,,10732,447,1031,576,1216,44.03333333,26,,"7,732","4,002",,,4653,782.7333333,,4653,376.1,373.1666667,493.5,1063.966667,,,,,,
7/19/2024,102,47,,1,4,,11461,1094,,11461,613,937,17,38,45.76666667,25.56666667,,"7,732","4,007",,,4980.466667,757.8,,4980.466667,373.9,402.4666667,477.6333333,1028.933333,,,,,,
7/20/2024,103,27,,2,0,,12086,611,,12086,322,1240,119,283,48.36666667,25.46666667,,"7,733","4,011",,,5352.366667,752.2666667,,5352.366667,370.4666667,442.5333333,464.5,999.6666667,,,,,,
7/21/2024,11,7,,0,1,,10931,285,,10931,173,1280,306,592,46.23333333,24.66666667,,"7,735","4,011",,,5650.466667,733.2,,5650.466667,364.2333333,478.5,458.9,982.7666667,,,,,,
7/22/2024,7,16,,1,3,,9823,579,,9823,316,982,600,1396,45.7,25,,"7,735","4,012",,,5939.666667,734.4666667,,5939.666667,365.3333333,508.0666667,468.7666667,1012.5,,,,,,
7/23/2024,22,19,,2,4,,10641,1004,,10641,356,1573,747,1729,46.06666667,25.33333333,,"7,736","4,015",,,6275,758.5666667,,6275,371.4666667,559.6,483.4,1051.133333,,,,,,
7/24/2024,38,44,,1,7,,9635,1288,,9635,589,1148,966,2011,46.96666667,26.03333333,,"7,738","4,019",,,6570.833333,782.4,,6570.833333,379.3333333,596.5666667,495.5,1076.733333,,,,,,
7/25/2024,267,172,,4,16,,13407,2723,,13407,1697,1641,669,1469,55.53333333,31.26666667,,"7,739","4,026",,,7000.7,854.3666667,,7000.7,427.5333333,649.6666667,498.2333333,1076.366667,,,,,,
7/26/2024,168,19,,5,9,,12197,998,,12197,583,1422,531,1042,60.33333333,31.63333333,,"7,743","4,042",,,7362.766667,871.3666667,,7362.766667,439.7,694.6,495,1060.9,,,,,,
7/27/2024,64,18,,1,7,,11535,622,,11535,354,2030,268,435,61.73333333,32.06666667,,"7,748","4,051",,,7711.233333,877.4333333,,7711.233333,444.6,760.1666667,485.1333333,1036.333333,,,,,,
7/28/2024,28,17,,1,8,,11455,489,,11455,307,2121,318,521,58.73333333,32.1,,"7,749","4,058",,,8009.033333,877.9666667,,8009.033333,447.0666667,828.5,480.6666667,1018.133333,,,,,,
7/29/2024,27,18,,0,3,,11310,783,,11310,432,2113,701,1821,57.9,32.16666667,,"7,750","4,066",,,8341.2,887.9,,8341.2,454.1666667,897.3333333,494.8333333,1062.433333,,,,,,
7/30/2024,9,18,,0,5,,9229,1007,,9229,424,1815,684,1800,57.53333333,32.56666667,,"7,750","4,069",,,8624.933333,913.3333333,,8624.933333,464.4,957,508.3333333,1104.766667,,,,,,
7/31/2024,45,46,,3,7,,11962,1639,,11962,855,1972,667,1580,57.43333333,33.8,,"7,750","4,074",,,8951.833333,949.1666667,,8951.833333,484.1,1020.9,508.8333333,1102.866667,,,,,,
8/1/2024,47,47,,0,19,,13806,2434,0,13806,1617,2093,629,1408,56.66666667,34.83333333,,"7,753","4,081",,,9334.1,1007.533333,,9334.1,528.6,1089.2,511.5333333,1107.7,,,,,,
8/2/2024,53,40,,2,13,,12942,2240,0,12942,1353,2019,471,999,57.76666667,35.3,,"7,753","4,100",,,9722.433333,1052.933333,,9722.433333,559.9,1151.533333,507.9666667,1096.833333,,,,,,
8/3/2024,24,18,,0,12,,12297,1386,0,12297,897,1763,305,487,57.3,35.7,,"7,755","4,113",,,10081.1,1071.6,,10081.1,580.8666667,1207.966667,508.8666667,1098.233333,,,,,,
8/4/2024,14,11,,0,6,,11851,1118,0,11851,780,2322,333,560,56.63333333,35.73333333,,"7,755","4,125",,,10418.16667,1089.233333,,10418.16667,597.7,1283.4,506.7,1090.4,,,,,,
8/5/2024,16,6,,1,9,,12368,1874,0,12368,1224,2196,607,1296,56.4,35.5,,"7,755","4,131",,,10792.63333,1133.033333,,10792.63333,628.8666667,1351.066667,516,1113.866667,,,,,,
8/6/2024,15,74,,0,13,,12534,1853,0,12534,1330,2141,595,1276,56.8,37.86666667,,"7,756","4,140",,,11191.73333,1184.9,,11191.73333,667.7333333,1421.533333,524.9333333,1137.266667,,,,,,
8/7/2024,25,52,,1,7,,12405,2248,0,12405,1360,1933,578,1279,54.66666667,39.3,,"7,756","4,153",,,11541.06667,1227.2,,11541.06667,700.6333333,1484.066667,520.9666667,1127.066667,,,,,,
8/8/2024,14,37,,1,13,,11487,1488,0,11487,1008,1866,621,1297,51.43333333,39.56666667,,"7,757","4,160",,,11811.1,1240.766667,,11811.1,714.9666667,1544.333333,520.5333333,1124.533333,,,,,,
8/9/2024,16,25,,0,3,,10892,1572,0,10892,1009,1782,491,1049,47.03333333,39.13333333,,"7,758","4,173",,,11825.9,1260.8,,11825.9,729.0666667,1598.9,515.0333333,1110.3,,,,,,
8/10/2024,4,28,,1,1,,11193,1068,0,11193,717,2149,283,566,45.5,38.26666667,,"7,758","4,176",,,11716.13333,1262.033333,,11716.13333,734.7,1655.533333,501.2666667,1076.633333,,,,,,
8/11/2024,6,9,,0,8,,11381,891,0,11381,576,2267,327,540,43.96666667,36.13333333,,"7,759","4,177",,,11654.23333,1252.7,,11654.23333,731.5333333,1700.066667,495.3666667,1060.633333,,,,,,
8/12/2024,3,23,,0,7,,11538,1568,0,11538,981,2307,580,1298,42.73333333,35.83333333,,"7,759","4,185",,,11640,1278.066667,,11640,749.9,1745.1,504.5666667,1087.1,,,,,,
8/13/2024,13,22,,0,8,,11682,1628,0,11682,1089,2044,563,1316,42.36666667,35.76666667,,"7,759","4,192",,,11639.03333,1313.5,,11639.03333,775.0666667,1768.333333,513.1333333,1113.6,,,,,,
8/14/2024,21,28,,0,8,,11066,1639,0,11066,1019,1779,594,1243,42.23333333,34.7,,"7,759","4,200",,,11575.06667,1329.533333,,11575.06667,787.5,1767.833333,513.3666667,1107.966667,,,,,,
8/15/2024,23,25,,1,7,,11808,718,0,11808,364,1910,676,1487,41.06666667,32.2,,"7,759","4,208",,,11548.36667,1300.633333,,11548.36667,776.4333333,1773.533333,515.1,1116.166667,,,,,,
8/16/2024,38,20,,2,11,,12153,1191,0,12153,425,1735,546,1067,41.7,31.83333333,,"7,760","4,215",,,11593.56667,1300.566667,,11593.56667,773.9,1787.033333,512.2666667,1103.366667,,,,,,
8/17/2024,15,9,,0,2,,11465,504,0,11465,234,1601,321,557,41.26666667,31.4,,"7,762","4,226",,,11618,1284.733333,,11618,766.8,1806.033333,503.7666667,1081.4,,,,,,
8/18/2024,5,7,,0,4,,11451,316,0,11451,172,2190,379,767,38.03333333,30.06666667,,"7,762","4,228",,,11617.66667,1258.8,,11617.66667,752.1,1847.8,515.8333333,1105.7,,,,,,
8/19/2024,2,10,,0,5,,10826,371,0,10826,228,2441,719,1690,34.66666667,29.5,,"7,762","4,232",,,11575.66667,1250.8,,11575.66667,748.9666667,1887.833333,535.8333333,1152.6,,,,,,
8/20/2024,117,17,,1,5,,12222,628,0,12222,369,2344,656,1867,38.2,29.83333333,,"7,762","4,237",,,11618.7,1262.233333,,11618.7,755.5,1923.3,547.5,1195.1,,,,,,
8/21/2024,148,21,,4,8,,13055,946,0,13055,522,2017,624,1532,42.9,30,,"7,763","4,242",,,11726.43333,1274.466667,,11726.43333,762.3666667,1957.8,548.3,1199.633333,,,,,,
8/22/2024,26,15,,2,6,,11587,608,0,11587,336,2147,582,1217,43.03333333,29.86666667,,"7,767","4,250",,,11757.96667,1261.266667,,11757.96667,761.7,1976.933333,542.8,1182.566667,,,,,,
8/23/2024,48,11,,0,2,,12183,694,0,12183,331,2090,508,1192,43.36666667,28.76666667,,"7,769","4,256",,,11842.9,1241.466667,,11842.9,753.1,2008.333333,527.5333333,1155.266667,,,,,,
8/24/2024,15,19,,1,7,,13233,698,0,13233,320,2328,292,488,34.96666667,23.66666667,,"7,769","4,258",,,11837.1,1173.966667,,11837.1,707.2,2031.233333,514.9666667,1122.566667,,,,,,
8/25/2024,13,17,,0,4,,13234,406,0,13234,228,2373,301,661,29.8,23.6,,"7,770","4,265",,,11871.66667,1154.233333,,11871.66667,695.3666667,2062.933333,507.3,1109.866667,,,,,,
8/26/2024,5,26,,1,5,,14155,814,0,14155,460,2437,848,1848,27.83333333,23.86666667,,"7,770","4,269",,,11959,1160.633333,,11959,698.9,2076.5,526.6333333,1156.966667,,,,,,
8/27/2024,24,25,,0,6,,13450,978,0,13450,434,2715,747,1731,27.7,24.13333333,,"7,771","4,274",,,12025.5,1176.933333,,12025.5,703.1333333,2096.3,540.9333333,1197.3,,,,,,
8/28/2024,13,15,,0,4,,12159,496,0,12159,261,2563,844,2257,27.23333333,24.03333333,,"7,771","4,280",,,12053.8,1167.366667,,12053.8,697.4333333,2111.3,545.7,1211.833333,,,,,,
8/29/2024,5,18,,0,8,,10527,535,0,10527,325,2350,838,2342,27.1,24.03333333,,"7,771","4,284",,,12097.06667,1151.633333,,12097.06667,694.1333333,2129.133333,550.8333333,1229.9,,,,,,
8/30/2024,8,26,,0,4,,10787,736,0,10787,505,2484,540,1149,25.86666667,23.36666667,,"7,771","4,292",,,12057.9,1121.533333,,12057.9,682.4666667,2146.2,546.6,1215.533333,,,,,,
8/31/2024,4,4,,0,3,,10848,237,0,10848,111,2521,328,545,24.43333333,21.93333333,,"7,771","4,296",,,11959.3,1048.3,,11959.3,632.2666667,2160.466667,536.5666667,1186.766667,,,,,,
9/1/2024,6,6,,1,2,,12555,211,0,12555,132,2601,348,678,22.86666667,20.8,,"7,771","4,299",,,11946.4,980.6666667,,11946.4,591.5666667,2179.866667,532.4666667,1176.066667,,,,,,
9/2/2024,5,6,,0,4,,13115,219,0,13115,128,3182,414,805,22.23333333,20.4,,"7,772","4,301",,,11973.66667,941.7666667,,11973.66667,565.9333333,2227.166667,536.1,1186.666667,,,,,,
9/3/2024,15,3,,1,1,,13008,238,0,13008,160,2723,797,2130,22.26666667,20.13333333,,"7,772","4,305",,,12012.23333,912.4333333,,12012.23333,545.2666667,2240.533333,551.5666667,1239,,,,,,
9/4/2024,9,0,,1,3,,11510,169,0,11510,107,2912,703,1807,22.03333333,19.93333333,,"7,773","4,306",,,11983.63333,855.6,,11983.63333,508.0333333,2264.4,554.7666667,1256.033333,,,,,,
9/5/2024,14,6,,1,3,,11194,557,0,11194,203,3624,722,1920,22,17.66666667,,"7,774","4,309",,,11938.96667,812.4,,11938.96667,470.4666667,2313.833333,559,1277.5,,,,,,
9/6/2024,6,28,,1,6,,10249,839,0,10249,399,4219,699,1581,21.36666667,16.86666667,,"7,775","4,312",,,11867.1,765.4333333,,11867.1,438.4333333,2390.033333,563.0333333,1287.566667,,,,,,
9/7/2024,4,54,,0,6,,10362,1138,0,10362,735,3843,314,497,21.03333333,17.43333333,,"7,776","4,318",,,11829.6,753.7666667,,11829.6,429.3333333,2455.933333,552.8,1260.9,,,,,,
9/8/2024,4,11,,0,2,,11652,410,0,11652,260,3201,392,659,20.63333333,16.96666667,,"7,776","4,324",,,11854.93333,715.0333333,,11854.93333,404.3666667,2503.233333,549.5,1247.9,,,,,,
9/9/2024,7,19,,0,8,1,11674,710,0,11674,412,3488,734,1521,20.73333333,16.66666667,,"7,776","4,326",,,11870.96667,703.1,,11870.96667,394.2,2547.866667,564.5333333,1279.733333,,,,,,
9/10/2024,27,18,,0,7,0,11110,620,0,11110,359,3381,757,1610,21.43333333,16.96666667,,"7,776","4,334",,,11861.93333,694.0666667,,11861.93333,386.9666667,2585,578.8666667,1315.4,,,,,,
9/11/2024,15,32,,0,6,1,11361,1159,0,11361,639,2656,830,2237,21.83333333,17.26666667,,"7,776","4,341",,,11856.03333,680.4333333,,11856.03333,375.5666667,2596.633333,587.2,1346.7,,,,,,
9/12/2024,5,22,,2,4,0,10497,918,0,10497,462,3187,875,2043,21.56666667,17.26666667,,"7,776","4,347",,,11816.53333,656.7666667,,11816.53333,354.6666667,2634.733333,597.6,1370.933333,,,,,,
9/13/2024,1,2,,2,3,0,10341,473,0,10341,252,2859,736,1947,20.9,16.4,,"7,778","4,351",,,11792.36667,617.9,,11792.36667,329.1,2670.733333,602.3333333,1394.4,,,,,,
9/14/2024,4,2,,1,2,1,11099,175,0,11099,116,2869,324,574,20.26666667,15.63333333,,"7,780","4,354",,,11768.73333,599.8,,11768.73333,320.8333333,2702.7,590.6,1363.966667,,,,,,
9/15/2024,23,2,,0,1,1,12906,163,0,12906,93,2147,363,635,19.76666667,15.03333333,,"7,781","4,356",,,11793.83333,565.5333333,,11793.83333,309.7666667,2716.433333,584.5,1349.566667,,,,,,
9/16/2024,49,25,,2,9,0,12977,1227,0,12977,728,2507,827,1963,20.9,15.56666667,,"7,781","4,357",,,11844.23333,589.6333333,,11844.23333,326.2333333,2746.633333,601.3666667,1396.433333,,,,,,
9/17/2024,9,79,,2,10,0,11854,2922,0,11854,1788,3245,1080,3109,21.03333333,17.96666667,,"7,783","4,366",,,11857.66667,676.5,,11857.66667,380.1,2781.8,624.7333333,1474.5,,,,,,
9/18/2024,31,46,,0,8,2,11193,1549,0,11193,914,2497,914,2808,22,19.16666667,,"7,785","4,376",,,11869.9,715.7666667,,11869.9,402.9666667,2783.666667,631.2333333,1511.766667,,,,,,
9/19/2024,14,45,,0,5,0,10613,1004,0,10613,583,3001,926,2859,18.56666667,20.1,,"7,785","4,384",,,11816.26667,728.3,,11816.26667,410.1,2805.566667,640.2333333,1544.833333,,,,,,
9/20/2024,11,81,,0,11,1,10539,1483,0,10539,748,2373,701,2009,14,22.1,,"7,785","4,389",,,11732.4,746.2,,11732.4,417.6333333,2817.433333,642.8,1560.733333,,,,,,
9/21/2024,15,48,,0,8,0,10665,852,0,10665,425,2071,308,497,13.63333333,23.2,,"7,785","4,400",,,11701.66667,754.3333333,,11701.66667,420.6,2814.9,633.6666667,1536.733333,,,,,,
9/22/2024,4,27,,1,1,0,11372,497,0,11372,282,2279,378,745,12.16666667,23.73333333,,"7,785","4,408",,,11674.63333,747.7666667,,11674.63333,418.9666667,2821.2,629.3333333,1521.833333,,,,,,
9/23/2024,15,12,,1,2,0,11629,542,0,11629,301,2863,916,2208,12.16666667,23.5,,"7,786","4,409",,,11621.16667,742.5666667,,11621.16667,418.3333333,2839.033333,650.1333333,1579.166667,,,,,,
9/24/2024,11,23,,0,2,0,11558,608,0,11558,326,2556,1011,2728,12.1,23.7,,"7,787","4,411",,,11565.3,749.3,,11565.3,421.6,2845.133333,673.8,1648.066667,,,,,,
9/25/2024,1,5,,1,2,0,10691,494,0,10691,215,2298,1040,2577,11.96666667,23,,"7,787","4,413",,,11449.83333,738.6333333,,11449.83333,413.4333333,2840.5,680.2,1672.366667,,,,,,
9/26/2024,13,19,,0,14,0,8865,874,0,8865,560,2803,1294,3912,11.6,22.8,,"7,788","4,415",,,11297,735.1666667,,11297,417.6333333,2843.433333,698.4333333,1745.066667,,,,,,
9/27/2024,19,21,,2,5,1,8054,632,0,8054,388,3444,965,3017,11.8,23,,"7,788","4,429",,,11160.16667,739.7,,11160.16667,421.8666667,2872.8,702.4666667,1770.4,,,,,,
9/28/2024,6,9,,0,4,0,7516,388,0,7516,218,3504,307,525,11.83333333,22.7,,"7,790","4,434",,,11059.8,734.8,,11059.8,418.3,2911.266667,684.7666667,1709.833333,,,,,,
9/29/2024,4,5,,2,2,0,7399,263,0,7399,161,2954,439,801,11.7,22,,"7,790","4,438",,,10946.86667,719.0333333,,10946.86667,406.8333333,2926.933333,681.4,1698.233333,,,,,,
9/30/2024,30,23,,6,3,0,8217,721,0,8217,361,4597,1113,3525,12.56666667,22.63333333,,"7,792","4,440",,,10859.16667,735.1666667,,10859.16667,415.1666667,2996.133333,707.5666667,1797.566667,,,,,,
10/1/2024,4,28,,1,4,1,7799,1072,0,7799,491,5181,956,2546,12.5,23.36666667,,"7,798","4,443",,,10700.63333,763.8666667,,10700.63333,427.1333333,3082.133333,727.8333333,1859.833333,,,,,,
10/2/2024,24,30,,1,3,0,7961,994,0,7961,492,3543,897,2431,13.13333333,24.16666667,,"7,799","4,447",,,10528.83333,789.7,,10528.83333,439.2666667,3094.166667,743.9333333,1914.033333,,,,,,
10/3/2024,32,50,,1,20,0,7955,1592,0,7955,829,3764,840,2130,13.7,25.73333333,,"7,800","4,450",,,10360.4,834.8333333,,10360.4,461.5666667,3128.866667,745.3666667,1914.033333,,,,,,
10/4/2024,27,31,,1,5,0,7758,1008,0,7758,491,3319,825,1980,14.3,26.76666667,,"7,801","4,470",,,10235.33333,862.8,,10235.33333,474.3666667,3142.433333,749.4333333,1919.8,,,,,,
10/5/2024,17,51,,0,10,0,3235,1186,0,3235,555,1850,345,594,14.4,28.26666667,,"7,802","4,475",,,9970.033333,883.7666667,,9970.033333,486.1,3083.3,736.8666667,1875.6,,,,,,
10/6/2024,15,21,,0,2,0,459,755,0,459,411,49,401,755,14.7,28.03333333,,"7,802","4,485",,,9643.7,880.9666667,,9643.7,486.5,2944.3,726.9333333,1848.066667,,,,,,
10/7/2024,24,31,,1,8,1,392,977,0,392,499,53,971,2027,15.36666667,27.26666667,,"7,802","4,487",,,9311.366667,875.6,,9311.366667,478.6333333,2817.966667,748.8333333,1899.066667,,,,,,
10/8/2024,14,14,,0,3,0,509,570,0,509,371,43,902,1834,15.7,27.36666667,,"7,803","4,495",,,8939.933333,880.9333333,,8939.933333,482.3333333,2712.7,765.8333333,1938.233333,,,,,,
10/9/2024,5,17,,0,3,0,577,681,0,577,293,19,901,1986,15.63333333,27.3,,"7,803","4,498",,,8570.033333,879.9666667,,8570.033333,478.3666667,2597.066667,771.4,1953.733333,,,,,,
10/10/2024,52,28,,2,6,1,1069,1131,0,1069,597,32,953,2244,16.46666667,27.63333333,,"7,803","4,501",631,"12,935",8235.333333,897,,8235.333333,486.3,2485.433333,777.9333333,1974.866667,,,,,,
10/11/2024,20,45,,1,12,3,852,1917,0,852,935,52,715,1592,16.63333333,28.06666667,,"7,805","4,507",632,"12,944",7885.033333,922.2666667,,7885.033333,496.1666667,2398.633333,774.1,1953.366667,,,,,,
10/12/2024,6,54,,3,17,1,499,1804,0,499,925,38,320,525,16.66666667,29.13333333,,"7,806","4,519",635,"12,960",7551.766667,951.8,,7551.766667,511.6,2293.666667,755.6,1902.766667,,,,,,
10/13/2024,2,16,,0,2,0,333,634,0,333,392,18,375,645,16.7,29.6,,"7,809","4,536",636,"12,981",7218.166667,957.1666667,,7218.166667,516.2666667,2198.966667,743.5666667,1859.366667,,,,,,
10/14/2024,15,17,,2,5,0,261,569,0,261,343,13,702,1509,17.06666667,30.1,,"7,809","4,538",636,"12,983",6856.9,970.3,,6856.9,523.8333333,2103.766667,756.1666667,1890.533333,,,,,,
10/15/2024,2,13,,0,5,0,355,919,0,355,370,39,939,2005,16.36666667,30.46666667,,"7,811","4,543",636,"12,990",6438.533333,995.5,,6438.533333,533.0666667,2033.5,775.3666667,1936.2,,,,,,
10/16/2024,163,28,,3,2,0,1925,1110,0,1925,420,66,967,2349,20.16666667,30.56666667,,"7,811","4,548",636,"12,995",6070.133333,991.6,,6070.133333,522.8,1952.133333,780.0333333,1949.066667,,,,,,
10/17/2024,70,25,,2,8,0,1196,931,0,1196,507,46,857,1751,22.2,28.76666667,,"7,814","4,550",636,"13,000",5714.866667,925.2333333,,5714.866667,480.1,1845.5,772.6,1903.8,,,,,,
10/18/2024,20,22,,0,4,0,575,813,0,575,408,42,896,2085,21.83333333,27.96666667,,"7,816","4,558",636,"13,010",5360.933333,900.7,,5360.933333,463.2333333,1763.666667,772,1879.7,,,,,,
10/19/2024,29,22,,0,5,0,702,778,0,702,382,60,368,716,22.33333333,27.2,,"7,816","4,562",636,"13,014",5030.566667,893.1666667,,5030.566667,456.5333333,1665.633333,753.4,1808.266667,,,,,,
10/20/2024,11,18,,0,2,0,359,590,0,359,329,25,432,827,22.33333333,25.1,,"7,816","4,567",636,"13,019",4691.233333,863.4,,4691.233333,442.5666667,1587.366667,744.4333333,1768.866667,,,,,,
10/21/2024,1,23,,1,3,1,513,874,0,513,417,38,1093,2699,21.86666667,24.26666667,,"7,816","4,569",636,"13,021",4352.833333,864.1333333,,4352.833333,442.3,1519.6,770.6,1842.266667,,,,,,
10/22/2024,9,23,,0,16,0,471,926,0,471,466,46,1055,2303,22.03333333,24.13333333,,"7,817","4,572",637,"13,026",3989.466667,878.4333333,,3989.466667,448.4333333,1445.166667,793.1666667,1894.2,,,,,,
10/23/2024,0,20,,0,7,1,391,816,0,391,385,27,966,2510,21.53333333,24.4,,"7,817","4,588",637,"13,042",3614.866667,887.5666667,,3614.866667,451.2333333,1350.633333,794.8333333,1904.266667,,,,,,
10/24/2024,32,20,,1,2,0,1628,856,0,1628,404,46,894,2281,22.23333333,24.3,,"7,817","4,595",638,"13,050",3283.866667,895.8333333,,3283.866667,453.8333333,1266.966667,790.9333333,1889.366667,,,,,,
10/25/2024,34,33,,1,5,0,983,1140,0,983,519,56,769,1649,23.33333333,25.23333333,,"7,818","4,597",638,"13,053",2960.266667,917.3666667,,2960.266667,463.9666667,1192.233333,781.9,1858.433333,,,,,,
10/26/2024,14,17,,2,1,0,450,933,0,450,436,42,306,528,23.36666667,25.16666667,,"7,819","4,602",638,"13,059",2679.766667,919.3333333,,2679.766667,459.8333333,1100.2,748.9666667,1745.633333,,,,,,
10/27/2024,2,17,,1,0,1,322,483,0,322,304,24,379,645,22.8,25.03333333,,"7,821","4,603",638,"13,062",2422.033333,914.3666667,,2422.033333,457.0333333,986.2,729.4333333,1666.566667,,,,,,
10/28/2024,3,17,,1,1,0,469,759,0,469,362,12,882,1989,22.7,25.3,,"7,822","4,603",639,"13,064",2187.133333,926.7333333,,2187.133333,461.8333333,869.8,748.6,1715.366667,,,,,,
10/29/2024,50,61,,1,8,0,1286,1497,0,1286,799,50,869,2141,24.23333333,27.16666667,,"7,823","4,604",639,"13,066",1983.366667,967.8666667,,1983.366667,483.1,773,762.9333333,1760.033333,,,,,,
10/30/2024,17,15,,1,7,0,772,955,0,772,415,73,886,2468,23.8,26.9,,"7,824","4,612",639,"13,075",1735.2,975.6666667,,1735.2,484.9,622.2,755.3666667,1724.8,,,,,,
10/31/2024,34,13,,1,5,0,601,596,0,601,373,56,745,1599,24.8,26.4,,"7,825","4,619",639,"13,083",1495.266667,959.8,,1495.266667,480.9666667,451.3666667,748.3333333,1693.233333,,,,,,
11/1/2024,24,7,,0,3,1,1043,521,0,1043,261,57,666,1408,24.8,25.63333333,,"7,826","4,624",639,"13,089",1264.666667,944.0333333,,1264.666667,473.2666667,335.1666667,740.6333333,1659.133333,,,,,,
11/2/2024,15,11,,2,2,0,592,616,0,592,273,59,343,713,24.23333333,24.33333333,,"7,826","4,627",640,"13,093",1019.233333,911.5,,1019.233333,454.7333333,211.6666667,724.0666667,1611.9,,,,,,
11/3/2024,15,13,,0,4,0,334,518,0,334,272,19,417,834,23.83333333,23.73333333,,"7,828","4,629",640,"13,097",771.7666667,895.1666667,,771.7666667,447.4333333,101.6666667,710.4666667,1573.7,,,,,,
11/4/2024,18,24,,0,6,0,945,966,0,945,428,72,806,1691,23.86666667,22.83333333,,"7,828","4,633",640,"13,101",695.4333333,887.8333333,,695.4333333,443.2,42.4,725.8333333,1610.266667,,,,,,
11/5/2024,26,15,,0,4,0,901,744,0,901,377,66,642,1367,24.23333333,22.63333333,,"7,828","4,639",640,"13,107",710.1666667,887.4666667,,710.1666667,442.0666667,42.96666667,733.8666667,1630.666667,,,,,,
11/6/2024,4,8,,1,3,0,392,396,0,392,259,24,721,1560,23.56666667,21.86666667,,"7,828","4,643",640,"13,111",710.1666667,868.1,,710.1666667,434.0666667,42,725.5333333,1615.1,,,,,,
11/7/2024,24,27,,1,6,1,979,1209,0,979,673,51,870,2340,23.9,22.3,,"7,829","4,646",640,"13,115",725.8333333,889.4,,725.8333333,444.1333333,42.26666667,724.4666667,1631.966667,,,,,,
11/8/2024,4,30,,1,2,1,540,1040,0,540,500,57,716,1445,23.86666667,22.73333333,,"7,830","4,652",641,"13,123",724.6,901.3666667,,724.6,451.0333333,43.53333333,718.3,1613.933333,,,,,,
11/9/2024,1,25,,0,6,0,255,983,0,255,500,98,309,485,22.16666667,22.63333333,,"7,831","4,654",642,"13,127",697.4666667,896.4333333,,697.4666667,447.8,45.73333333,696.8333333,1555.3,,,,,,
11/10/2024,0,15,,1,3,1,253,585,0,253,347,25,377,723,21.5,21.63333333,,"7,831","4,660",642,"13,133",677.5,852.0333333,,677.5,428.2,44.83333333,685.5666667,1526.333333,,,,,,
11/11/2024,34,30,,1,7,0,567,836,0,567,383,15,674,1352,22.43333333,20.83333333,,"7,832","4,663",643,"13,138",679.7666667,819.7666667,,679.7666667,410.1333333,44.06666667,697.3666667,1553.9,,,,,,
11/12/2024,5,8,,1,3,1,235,583,0,235,237,10,894,1949,22.53333333,20.56666667,,"7,833","4,670",643,"13,146",676.5,818.0666667,,676.5,404.9666667,43.8,714.6666667,1597.366667,,,,,,
11/13/2024,7,52,,0,6,1,573,1320,0,573,615,42,944,2129,22.26666667,21.73333333,,"7,834","4,673",644,"13,151",686.9,843.1,,686.9,414.0333333,44.76666667,722.7333333,1618.033333,,,,,,
11/14/2024,17,73,,1,13,0,494,2470,0,494,1318,30,827,1731,22.76666667,23.73333333,,"7,834","4,679",645,"13,158",691.5333333,894.8,,691.5333333,445.6333333,44.46666667,719,1608.9,,,,,,
11/15/2024,60,20,,1,13,0,1171,1045,0,1171,511,75,740,1608,19.33333333,23.46666667,,"7,835","4,692",645,"13,172",666.4,892.6333333,,666.4,448.6666667,44.76666667,711.4333333,1584.2,,,,,,
11/16/2024,3,16,,1,4,0,502,926,0,502,457,26,356,617,17.1,23.16666667,,"7,836","4,705",645,"13,186",643.2666667,892.4666667,,643.2666667,447,44.1,694.7333333,1546.4,,,,,,
11/17/2024,7,6,,0,6,0,300,588,0,300,350,9,400,920,16.66666667,22.63333333,,"7,837","4,709",645,"13,191",634.1,884.9666667,,634.1,445.0666667,43,678.2,1507.566667,,,,,,
11/18/2024,2,24,,1,5,0,216,1181,0,216,510,8,958,2408,15.76666667,22.7,,"7,837","4,715",645,"13,197",617.9,898.4,,617.9,449.3333333,41.26666667,697.8666667,1563.966667,,,,,,
11/19/2024,4,43,,0,6,0,259,1312,0,259,662,37,814,1820,15.53333333,23.53333333,,"7,838","4,720",645,"13,203",614.5666667,922.4666667,,614.5666667,460.4333333,41.66666667,710.6,1597.066667,,,,,,
11/20/2024,13,37,,0,2,0,612,1288,0,612,542,60,878,1958,15.93333333,24,,"7,838","4,726",645,"13,209",617.8666667,936.2666667,,617.8666667,464.6,42.4,703.4333333,1572.366667,,,,,,
11/21/2024,16,46,,1,7,0,740,1719,0,740,653,57,938,2173,16.16666667,24.76666667,,"7,838","4,728",645,"13,211",626.8333333,962.7,,626.8333333,470.8333333,42.76666667,699.5333333,1568.033333,,,,,,
11/22/2024,21,31,,0,5,0,656,1205,0,656,605,23,704,1713,16.86666667,25.13333333,,"7,839","4,735",645,"13,219",635.6666667,975.6666667,,635.6666667,478.1666667,42.63333333,690.8,1541.466667,,,,,,
11/23/2024,6,16,,0,6,1,431,762,0,431,371,15,313,508,16,25,,"7,839","4,740",645,"13,224",595.7666667,972.5333333,,595.7666667,477.0666667,41.6,671.4333333,1482.366667,,,,,,
11/24/2024,6,21,,0,7,1,478,1588,34,478,735,17,385,680,15.06666667,24.6,,"7,839","4,746",646,"13,231",578.9333333,987.4666667,,578.9333333,484.2666667,40.3,658.6333333,1450.066667,,,,,,
11/25/2024,2,34,,1,13,0,636,1654,82,636,946,44,840,1867,14.66666667,25.16666667,,"7,839","4,753",647,"13,239",585.1333333,1011.5,,585.1333333,501.2666667,40.36666667,676.4333333,1494.7,,,,,,
11/26/2024,15,26,,2,11,0,953,1137,93,953,680,57,808,1765,15.1,25.46666667,,"7,840","4,766",647,"13,253",606.1666667,1033.3,,606.1666667,513.8,41.46666667,690.7333333,1532.033333,,,,,,
11/27/2024,7,17,,0,10,0,322,698,92,322,437,32,479,914,15.23333333,25.46666667,,"7,842","4,777",647,"13,266",601.2666667,1031.266667,,601.2666667,516.3,42.13333333,677.3,1496.2,,,,,,
11/28/2024,2,9,,0,2,0,260,526,17,260,312,11,274,444,13.63333333,23.73333333,,"7,842","4,787",647,"13,276",567.0666667,998.9,,567.0666667,500.0666667,40.83333333,657.4666667,1439.633333,,,,,,
11/29/2024,37,10,,1,2,0,1650,362,16,1650,211,11,346,645,14.3,23.56666667,,"7,842","4,789",647,"13,278",596.3333333,979.1333333,,596.3333333,493.2666667,38.76666667,639.4666667,1378.866667,,,,,,
11/30/2024,55,9,,3,1,0,1351,309,13,1351,206,9,344,672,15,23.43333333,,"7,843","4,791",647,"13,281",621.3333333,969.5666667,,621.3333333,487.7,37.2,626.1,1347.966667,,,,,,
12/1/2024,14,9,,0,5,0,356,383,21,356,229,7,394,764,14.66666667,23.5,,"7,846","4,792",647,"13,285",598.4333333,964.9666667,,598.4333333,486.6333333,35.53333333,617.0333333,1326.5,,,,,,
12/2/2024,15,16,,0,2,0,331,793,4,331,465,3,903,2415,14.66666667,23.66666667,,"7,846","4,797",647,"13,290",589.7333333,970.8666667,,589.7333333,493.0333333,33.66666667,635.7,1383.233333,,,,,,
12/3/2024,4,12,,2,4,0,252,638,20,252,387,7,965,2030,14.3,23.63333333,,"7,846","4,799",647,"13,292",587,974.8666667,,587,496.8666667,33.26666667,653.9666667,1423.1,,,,,,
12/4/2024,20,18,7,2,8,0,580,656,62,580,347,53,1018,2466,14.36666667,23.43333333,7,"7,848","4,803",647,"13,298",574.8333333,964.5333333,,574.8333333,494.1666667,32.63333333,661.0333333,1448.933333,,,,,,
12/5/2024,9,41,7,0,5,0,450,1126,133,450,574,60,1025,2237,13.8,24.3,7,"7,850","4,811",647,"13,308",559.8,977.2666667,,559.8,500.7333333,32.43333333,673.8,1477.933333,,,,,,
12/6/2024,26,39,12,2,5,0,825,1309,210,825,706,89,915,2177,14.53333333,25.33333333,8.666666667,"7,850","4,816",647,"13,313",574.2333333,1007.7,,574.2333333,515.6333333,34.6,680.2666667,1498.5,,,,,,
12/7/2024,11,16,6,0,5,0,439,733,103,439,398,56,346,656,14.1,24.96666667,8,"7,852","4,821",647,"13,320",556.2333333,991.8333333,,556.2333333,506.4666667,34.76666667,662.8,1442.366667,,,,,,
12/8/2024,12,29,3,1,2,0,296,855,44,296,450,24,384,737,14.36666667,24.93333333,7,"7,852","4,826",647,"13,325",548.1,985.6666667,,548.1,504.8,33.66666667,651.7333333,1418.766667,,,,,,
12/9/2024,62,19,0,0,9,0,1787,859,29,1787,435,12,1005,2402,16.4,24.73333333,5.833333333,"7,853","4,828",647,"13,328",599.1666667,981.5333333,,599.1666667,502.6333333,30.8,674.9333333,1482.666667,,,,,,
12/10/2024,26,12,5,1,5,0,844,803,35,844,394,14,993,2583,17.26666667,24.63333333,5.714285714,"7,853","4,837",647,"13,337",618.8666667,988.8,,618.8666667,504.2,30.43333333,695.4666667,1544.666667,,,,,,
12/11/2024,7,12,0,0,0,1,591,683,14,591,336,7,921,2058,16.36666667,24.03333333,5,"7,854","4,842",647,"13,343",619.6666667,983.7,,619.6666667,502.6333333,30.16666667,703.7,1568.2,,,,,,
12/12/2024,9,20,1,0,8,0,651,706,8,651,352,5,892,2099,16.5,24.43333333,4.555555556,"7,854","4,842",648,"13,344",633.5333333,987.8,,633.5333333,506.4666667,30,703.6333333,1573.2,,,,,,
12/13/2024,8,20,4,1,6,0,450,628,172,450,278,98,1241,2847,16.53333333,23.36666667,4.5,"7,854","4,850",648,"13,352",629.4333333,964.7333333,,629.4333333,495.2333333,31.86666667,713.5333333,1597.133333,,,,,,
12/14/2024,2,12,0,0,2,0,287,546,43,287,294,24,536,810,16.03333333,21.33333333,4.090909091,"7,855","4,856",648,"13,359",622.5333333,900.6,,622.5333333,461.1,31.66666667,703.8333333,1566.433333,,,,,,
12/15/2024,7,15,0,0,0,0,258,871,33,258,457,14,329,711,14.26666667,21.16666667,3.75,"7,855","4,858",648,"13,361",592.1,894.8,,592.1,459.3,29.63333333,690.1333333,1536.533333,,,,,,
12/16/2024,3,22,3,0,3,0,320,819,122,320,392,48,928,3044,14.26666667,21.36666667,3.692307692,"7,855","4,858",648,"13,361",586.0333333,891.2333333,,586.0333333,457.1333333,30.36666667,709.2,1617.433333,,,,,,
12/17/2024,5,9,0,0,2,0,424,440,52,424,245,10,762,1839,14.2,21.46666667,3.428571429,"7,855","4,861",648,"13,364",590.1666667,886.3,,590.1666667,453.6333333,30.4,721.2666667,1648.066667,,,,,,
12/18/2024,2,18,2,1,4,0,305,995,59,305,520,50,838,1980,14.2,21.26666667,3.333333333,"7,855","4,863",648,"13,366",593.1333333,880.1,,593.1333333,453.9666667,31.8,717.2666667,1633.8,,,,,,
12/19/2024,8,35,7,1,1,0,459,1174,128,459,556,59,739,1680,14.33333333,21,3.5625,"7,856","4,867",648,"13,371",599.8,875.5,54.63333333,599.8,450.4333333,32.53333333,714.7666667,1629.133333,,,,,,
12/20/2024,10,42,13,0,7,2,630,1182,247,630,644,147,564,1505,14.23333333,21.16666667,4.117647059,"7,857","4,868",648,"13,373",600.4,871.9666667,62.86666667,600.4,453.8333333,35.43333333,704.3,1614.033333,,,,,,
12/21/2024,4,28,5,0,4,0,483,1130,235,483,436,138,234,494,13.83333333,20.56666667,4.166666667,"7,857","4,875",650,"13,382",591.8333333,852.3333333,70.7,591.8333333,446.6,38.13333333,680.8333333,1558.066667,,,,,,
12/22/2024,8,46,5,0,4,0,619,1053,156,619,427,111,242,516,13.4,21.06666667,4.210526316,"7,857","4,879",650,"13,386",590.6,847.2666667,75.9,590.6,440.6666667,41.06666667,665.4333333,1518.166667,,,,,,
12/23/2024,9,58,7,0,11,3,420,1581,132,420,761,62,378,713,13.5,22.46666667,4.35,"7,857","4,883",650,"13,390",590.2333333,874.5666667,80.3,590.2333333,453.6666667,42.63333333,667.6,1525,,,,,,
12/24/2024,9,19,4,0,4,0,373,916,101,373,443,51,202,376,13.6,22.4,4.333333333,"7,857","4,894",653,"13,404",586.7333333,852.1666667,82.53333333,586.7333333,443.9333333,43.76666667,661.5,1514.866667,,,,,,
12/25/2024,1,26,1,0,2,0,299,940,113,299,509,67,256,459,13.56666667,22.13333333,4.181818182,"7,857","4,898",653,"13,408",575.5,828.3666667,83.56666667,575.5,429.3666667,44.53333333,642.0333333,1467.933333,,,,,,
12/26/2024,5,36,3,1,4,0,4365,1376,118,4365,659,55,387,808,13.23333333,22.46666667,4.130434783,"7,857","4,900",653,"13,410",689.2333333,836.3333333,84.4,689.2333333,428.6666667,44.46666667,628,1436.033333,,,,,,
12/27/2024,4,36,9,1,5,0,2917,918,98,2917,429,47,379,800,13.13333333,23.1,4.333333333,"7,858","4,904",653,"13,415",775.7333333,843.6666667,84.6,775.7333333,428.4,44.96666667,624.6666667,1432.233333,,,,,,
12/28/2024,2,19,0,0,3,0,779,640,121,779,376,51,285,512,13.13333333,23.43333333,4.16,"7,859","4,909",653,"13,421",793.0333333,847.4666667,88.06666667,793.0333333,430.5333333,46.3,625.0333333,1434.5,,,,,,
12/29/2024,16,24,0,0,9,1,932,988,110,932,541,53,297,512,12.43333333,23.9,4,"7,859","4,912",653,"13,424",769.1,868.3333333,91.2,769.1,441.5333333,47.7,623.4,1430.066667,,,,,,
12/30/2024,9,39,6,1,10,0,710,1366,306,710,583,54,460,971,10.9,24.9,4.074074074,"7,859","4,921",654,"13,434",747.7333333,903.5666667,100.9666667,747.7333333,454.1,49.2,627.2666667,1440.033333,,,,,,
12/31/2024,17,20,2,1,6,0,567,726,152,567,402,49,399,839,11,25.26666667,4,"7,860","4,931",654,"13,445",754.7666667,915,105.3333333,754.7666667,459.8666667,50.6,627.4333333,1442.533333,,,,,,
1/1/2025,9,35,1,0,7,0,1120,758,162,494,369,53,295,583,10.8,25.5,3.896551724,"7,861","4,937",654,"13,452",781.0666667,913.8333333,110.6,760.2,456.6666667,52.26666667,607.1666667,1381.466667,,,,,,
1/2/2025,4,57,1,0,4,0,1174,1036,65,439,515,41,554,1267,10.8,26.06666667,3.8,"7,861","4,944",654,"13,459",811.8,927.1,112.1,766.4333333,460.9333333,53.4,593.4666667,1356.033333,,,,,,
1/3/2025,2,33,0,0,2,1,949,768,58,402,358,38,496,1069,10.2,26,3.566666667,"7,861","4,948",654,"13,463",824.1,930.8333333,111.9666667,760.5,461.3,52.9,576.0666667,1309.466667,,,,,,
1/4/2025,23,31,12,0,1,0,817,493,146,451,260,73,275,484,10.66666667,25.16666667,3.733333333,"7,861","4,950",655,"13,466",836.3333333,909.7333333,112.4,760.5333333,450.8333333,53.33333333,551.0666667,1251.033333,,,,,,
1/5/2025,4,30,0,2,2,0,1232,523,107,412,297,59,315,631,9.933333333,24.33333333,3.333333333,"7,861","4,951",655,"13,467",849.9,883.5333333,108.9666667,746.7666667,437.2,52.33333333,531.0666667,1199.5,,,,,,
1/6/2025,3,29,4,0,4,0,942,562,69,341,258,40,588,1365,9.666666667,24.2,3.266666667,"7,863","4,953",655,"13,471",866.6666667,877.8333333,107.8333333,743.5,432.5333333,51.8,539.1333333,1223.133333,,,,,,
1/7/2025,1,17,0,2,0,1,343,328,30,162,192,16,651,1372,9.3,23.63333333,3.166666667,"7,863","4,957",655,"13,475",868.2333333,860.2666667,107.3666667,739.0333333,423.9333333,51.53333333,548.0333333,1244.3,,,,,,
1/8/2025,2,197,0,1,5,0,741,584,10,273,298,6,706,1445,7.3,23.23333333,3.166666667,"7,865","4,957",656,"13,478",833.3666667,851.1,106.7333333,688.5666667,419.3666667,51.33333333,538.0666667,1212.4,,,,,,
1/9/2025,1,147,1,0,3,0,610,646,45,148,283,32,636,1364,6.466666667,23.3,3.033333333,"7,866","4,962",656,"13,484",825.5666667,845.8666667,107.0666667,665.3666667,415.6666667,51.93333333,526.1666667,1171.766667,,,,,,
1/10/2025,25,69,4,0,8,0,1513,818,123,446,384,55,576,1188,7.066666667,23.6,3.166666667,"7,866","4,965",656,"13,487",856.3,850.3666667,110.7,660.5333333,417.2666667,53.53333333,514.6666667,1142.766667,,,,,,
1/11/2025,7,96,4,0,0,0,1147,802,74,664,386,45,294,575,7,23.9,3.266666667,"7,866","4,973",656,"13,495",872.8333333,853.5666667,112.9,660.9666667,418.4,54.86666667,494.7333333,1091.966667,,,,,,
1/12/2025,1,20,0,1,10,0,541,441,28,280,196,17,356,661,6.766666667,23.43333333,3.133333333,"7,866","4,973",656,"13,495",875.8666667,847.3333333,108.1,655.3,415.6666667,52.16666667,465.2333333,1019.1,,,,,,
1/13/2025,11,44,2,0,5,0,550,772,51,292,306,40,881,2119,7.066666667,23.5,3.2,"7,867","4,983",656,"13,506",884.6333333,854.8666667,108.3666667,655.4666667,416.0666667,52.7,476.7333333,1062.733333,,,,,,
1/14/2025,5,103,12,1,7,0,1109,797,99,302,352,58,1358,2497,7,23.53333333,3.6,"7,867","4,988",656,"13,511",913,852.4,110.5666667,656.9333333,412.5666667,54.16666667,511.0333333,1122.266667,,,,,,
1/15/2025,4,29,1,1,3,0,836,480,56,350,271,42,1435,2560,7.033333333,23.33333333,3.533333333,"7,868","4,995",656,"13,519",930.2,841.1,108.3666667,657.9333333,408.5333333,53.96666667,527.9333333,1106.133333,,,,,,
1/16/2025,8,85,4,0,9,0,1257,741,126,539,334,59,914,2037,7.133333333,23.5,3.666666667,"7,869","4,998",656,"13,523",957.9666667,851.1333333,110.8333333,661.7666667,411.5,55.6,533,1112.733333,,,,,,
1/17/2025,47,157,5,1,5,0,1322,1479,92,623,842,60,758,1768,8.633333333,24.36666667,3.766666667,"7,869","5,007",656,"13,532",991.8666667,867.2666667,111.9333333,672.3666667,422.2333333,55.93333333,530.3333333,1105.666667,,,,,,
1/18/2025,19,34,2,1,2,0,1273,657,82,619,390,51,340,601,9,23.66666667,3.6,"7,870","5,012",656,"13,538",1019,850.0333333,110.4,677.7,416.7,55.66666667,517.0333333,1069.7,,,,,,
1/19/2025,8,93,4,0,3,0,881,892,51,434,549,34,359,647,8.933333333,22.73333333,3.3,"7,871","5,014",656,"13,541",1027.366667,840.3666667,103.8666667,671.1666667,413.5333333,51.9,510.2,1041.1,,,,,,
1/20/2025,5,38,1,0,3,0,548,870,161,280,468,134,503,1025,8.966666667,22.2,3.166666667,"7,871","5,017",656,"13,544",1029.533333,831.7,101.4,664.4,414.6,51.76666667,519.1666667,1058.8,,,,,,
1/21/2025,15,52,0,0,4,1,1659,999,28,643,503,19,843,2064,9.2,21.2,3,"7,871","5,020",656,"13,547",1064.2,829.9,97.13333333,665.2,417.1333333,48.7,539.2,1110.4,,,,,,
1/22/2025,14,68,11,1,7,2,1131,1325,84,474,599,49,916,2219,9.366666667,19.9,3.133333333,"7,871","5,024",657,"13,552",1087.9,821.3666667,95.53333333,667,411.7333333,48.26666667,557.1333333,1160.6,,,,,,
1/23/2025,5,30,1,1,6,0,972,1103,44,393,446,25,885,2204,9.233333333,19.83333333,3.033333333,"7,872","5,031",659,"13,562",1107.866667,827.6,93.63333333,667.6666667,411.8333333,47.4,579.9,1221.533333,,,,,,
1/24/2025,1,89,4,0,8,1,832,2871,105,341,654,50,882,2127,9.233333333,20,3.133333333,"7,873","5,037",659,"13,569",1125.633333,891.9666667,93.36666667,669.0666667,416.6666667,46.83333333,600.7666667,1277.133333,,,,,,
1/25/2025,4,54,1,0,6,0,475,796,41,204,419,25,359,714,9.2,19.46666667,3.066666667,"7,873","5,045",660,"13,578",995.9666667,872.6333333,90.8,530.3666667,408.6666667,45.83333333,599.8333333,1274,,,,,,
1/26/2025,0,37,2,0,2,0,337,596,50,132,324,18,486,795,9.066666667,18.9,2.833333333,"7,873","5,051",660,"13,584",909.9666667,861.9,89.2,437.5333333,405.1666667,44.86666667,603.4,1273.833333,,,,,,
1/27/2025,10,39,3,0,4,1,842,583,65,384,333,29,933,2520,9.333333333,18.66666667,2.933333333,"7,873","5,053",660,"13,586",912.0666667,860,87.33333333,424.3666667,403.7333333,44.13333333,625,1340.766667,,,,,,
1/28/2025,3,64,4,1,3,0,1087,832,154,320,428,84,899,2245,8.9,18.96666667,3.066666667,"7,873","5,057",661,"13,591",917.2333333,854.8,88.8,403.9666667,399.9666667,45.16666667,645.0666667,1398.533333,,,,,,
1/29/2025,2,42,1,0,11,0,514,762,68,185,391,32,938,1961,8.666666667,18.23333333,2.9,"7,874","5,060",661,"13,595",910.7,834.6666667,80.86666667,386.4666667,393.5666667,44.43333333,661,1431.533333,,,,,,
1/30/2025,18,45,1,0,1,0,1078,690,62,512,323,39,907,2616,8.7,18.16666667,2.866666667,"7,874","5,071",661,"13,606",927.7333333,833.4666667,77.86666667,384.6333333,390.9333333,44.1,677.9333333,1490.766667,,,,,,
1/31/2025,0,32,2,1,5,0,1543,580,81,244,257,25,793,1732,8.4,18.06666667,2.9,"7,874","5,072",661,"13,607",941.8333333,827.5333333,75.16666667,376.3,387.2,43.16666667,694.5333333,1529.066667,,,,,,
2/1/2025,162,50,3,1,4,0,1214,689,72,340,270,43,390,664,13.66666667,18.23333333,2.966666667,"7,875","5,077",661,"13,613",943.1666667,815.9666667,75.4,373,379.0333333,43.23333333,689.0666667,1508.966667,,,,,,
2/2/2025,6,26,0,0,3,1,754,468,69,347,228,41,432,999,13.8,17.93333333,2.966666667,"7,876","5,081",661,"13,618",936.6666667,805.9666667,75.76666667,371.1666667,374.7,43.33333333,686.9333333,1506.633333,,,,,,
2/3/2025,7,93,0,0,3,0,1636,1053,110,696,478,45,991,2495,13.26666667,18.53333333,2.566666667,"7,876","5,084",662,"13,622",963.9666667,824.6333333,74.56666667,379.3333333,381.9666667,42.4,710.8,1573.666667,,,,,,
2/4/2025,1,71,2,0,8,0,772,930,88,344,407,42,876,2030,13.16666667,18.83333333,2.633333333,"7,876","5,087",662,"13,625",948.6333333,838.2,73.93333333,377.0666667,385.6333333,41.83333333,729.5,1620.3,,,,,,
2/5/2025,11,35,1,1,7,0,535,744,61,197,326,35,923,2263,13.43333333,18.73333333,2.533333333,"7,876","5,095",662,"13,633",935.0666667,844.2666667,73.66666667,372.2666667,387.9,41.66666667,740.6666667,1650.233333,,,,,,
2/6/2025,7,43,5,1,6,0,729,543,53,298,292,27,868,1928,13.63333333,18.66666667,2.7,"7,877","5,102",662,"13,641",947.9333333,851.4333333,74.43333333,376.8,391.2333333,42.03333333,747.9,1668.766667,,,,,,
2/7/2025,7,41,2,1,7,1,1089,744,87,497,351,52,837,2139,13.8,19.1,2.766666667,"7,878","5,108",662,"13,648",959.5333333,856.7666667,77,384.2666667,393,43.56666667,752.2666667,1691.9,,,,,,
2/8/2025,2,47,3,0,4,0,470,874,67,276,383,47,329,553,13.83333333,19.26666667,2.833333333,"7,879","5,115",663,"13,657",954.8666667,864.3666667,77.73333333,388.5333333,396.3333333,44.06666667,742.0333333,1664.866667,,,,,,
2/9/2025,13,52,90,0,2,0,919,747,307,534,348,81,408,753,13.43333333,19.2,5.7,"7,879","5,119",663,"13,661",935.0666667,862,83.86666667,391.4666667,395.1333333,44.93333333,736.4333333,1650.366667,,,,,,
2/10/2025,18,48,2,0,3,0,1315,997,144,560,447,67,1045,3035,13.8,18.7,5.633333333,"7,879","5,121",663,"13,663",940.6666667,868.5,86.2,388,397.1666667,45.66666667,761.4666667,1732.366667,,,,,,
2/11/2025,2,87,2,0,2,0,684,843,69,315,402,36,904,2177,13.83333333,19.8,5.7,"7,879","5,124",663,"13,666",945.4333333,881.9,87.56666667,389.1666667,404.0333333,46.3,779.7333333,1782.9,,,,,,
2/12/2025,15,83,7,0,4,1,1019,834,291,441,356,65,829,1724,13.96666667,19.86666667,5.866666667,"7,879","5,126",663,"13,668",961.0666667,883.9666667,95.56666667,394.1333333,405.7,47.13333333,778,1769.733333,,,,,,
2/13/2025,15,89,5,1,5,2,925,970,165,460,348,58,811,2285,14.3,19.7,5.633333333,"7,879","5,130",664,"13,673",954.9333333,889.7333333,97.76666667,399.4,405.5666667,47.13333333,759.7666667,1762.666667,,,,,,
2/14/2025,6,160,6,0,6,1,572,973,379,340,417,50,659,2876,14.36666667,19.63333333,5.8,"7,880","5,135",666,"13,681",946.1333333,906.1666667,108.5333333,399.0666667,410.4333333,47.4,733.9,1773.2,,,,,,
2/15/2025,8,168,6,0,3,0,1147,1538,107,579,733,51,401,701,14.36666667,20.6,5.866666667,"7,880","5,141",667,"13,688",942.4666667,932.7333333,107.9,400.4,423.7333333,47.13333333,716.8,1728.666667,,,,,,
2/16/2025,12,105,3,2,2,1,858,1162,83,457,652,48,394,653,13.2,19.8,5.8,"7,880","5,144",667,"13,691",927,922.1666667,107.6,394.8666667,417.4,46.73333333,704.6666667,1691.5,,,,,,
2/17/2025,2,109,0,0,4,0,959,786,24,401,482,17,697,1930,12.63333333,20,5.733333333,"7,882","5,146",668,"13,696",916.5333333,926.4666667,105.6666667,387.6,420.4666667,45.6,716.5666667,1735.8,,,,,,
2/18/2025,0,43,0,0,4,0,341,547,21,165,299,12,859,2225,12.36666667,19.96666667,5.6,"7,882","5,150",668,"13,700",898.5333333,914.9666667,104.6666667,378.6333333,412.1333333,44.86666667,733.2333333,1788.4,,,,,,
2/19/2025,7,31,0,1,1,0,673,449,11,254,233,9,775,1883,12.43333333,19.76666667,5.566666667,"7,882","5,154",668,"13,704",902.7,900.9333333,99.66666667,377.7666667,404.3,40.7,742.3,1817,,,,,,
2/20/2025,6,34,2,1,7,0,580,788,56,285,337,38,764,1709,12.13333333,19.53333333,5.633333333,"7,883","5,155",668,"13,706",866.7333333,893.9,100.6,365.8333333,398.7666667,41.33333333,739.6666667,1805.166667,,,,,,
2/21/2025,83,9,1,4,4,0,1474,505,74,704,279,18,714,1637,14.43333333,18.86666667,5.3,"7,884","5,162",668,"13,714",878.1666667,866.5666667,100.2666667,373.5,388.1,40.3,732.9333333,1785.766667,,,,,,
2/22/2025,30,42,0,0,4,0,792,635,13,380,340,8,335,600,15.26666667,18.76666667,5.266666667,"7,888","5,166",668,"13,722",872.1666667,850.9666667,99.23333333,373.0666667,384.5666667,39.73333333,714.6,1732.3,,,,,,
2/23/2025,29,105,2,3,5,0,1496,870,62,867,444,41,363,688,16.2,18.6,5.2,"7,888","5,170",668,"13,726",894.3,784.2666667,97.8,390.6,377.5666667,39.43333333,697.3,1684.333333,,,,,,
2/24/2025,24,99,3,1,9,0,1026,727,62,589,362,43,939,3079,16.86666667,18.5,5.266666667,"7,891","5,175",668,"13,734",912.6666667,781.9666667,98.5,403.4333333,375.6666667,40.03333333,716.6333333,1763.166667,,,,,,
2/25/2025,16,44,4,0,3,0,586,646,18,350,350,11,936,2436,17.4,18.63333333,5.333333333,"7,892","5,184",668,"13,744",920.9666667,783.6333333,97.43333333,410.7,376.5333333,39.8,731.6333333,1817.866667,,,,,,
2/26/2025,8,54,0,0,2,0,741,715,42,385,382,34,890,2536,17.33333333,18.93333333,5.233333333,"7,892","5,187",668,"13,747",917.6,788.0333333,96.66666667,410.7333333,378.1666667,39.96666667,730.2,1818.4,,,,,,
2/27/2025,9,63,3,1,5,0,704,770,69,389,349,47,1137,2446,17.53333333,18.46666667,5.2,"7,892","5,189",668,"13,749",904.8333333,785.9666667,93.83333333,413.0333333,375.5333333,38.73333333,738.1333333,1825.1,,,,,,
2/28/2025,4,114,3,0,2,1,620,527,56,327,203,33,721,1576,17.6,18.3,5.266666667,"7,893","5,194",668,"13,755",908.3666667,778.1333333,93.43333333,417.7666667,369.2666667,38.76666667,730.9,1812.266667,,,,,,
3/1/2025,10,38,2,1,5,0,886,524,59,490,315,34,335,573,17.33333333,18.4,5.3,"7,893","5,196",669,"13,758",901.9666667,772.6,93.33333333,417.0333333,369,38.6,711.8333333,1744.166667,,,,,,
3/2/2025,18,35,3,1,3,0,881,547,74,533,323,51,404,791,17.93333333,18.43333333,5.333333333,"7,894","5,201",669,"13,764",879.9,771.5,93.1,426.6666667,371.2,39.46666667,698.8666667,1712.8,,,,,,
3/3/2025,11,48,2,0,4,0,1026,957,112,546,406,59,856,2040,12.9,17.8,5.3,"7,895","5,204",669,"13,768",873.6333333,780.4333333,94.43333333,433.5333333,375.7333333,40,714.4,1758.666667,,,,,,
3/4/2025,10,123,1,1,0,0,814,753,51,336,429,42,1088,3179,13.03333333,18.53333333,5.333333333,"7,895","5,208",669,"13,772",875.6333333,789.9333333,93.83333333,433.1666667,382.4333333,40.03333333,736.2666667,1831.333333,,,,,,
3/5/2025,17,114,1,1,8,0,986,1175,57,262,660,41,938,2871,13.36666667,18.63333333,5.366666667,"7,896","5,208",669,"13,773",853.9666667,794,92.06666667,418.7,388.5,39.9,734.5,1843.866667,,,,,,
3/6/2025,10,82,0,0,5,0,861,1456,21,326,592,11,976,2743,13.66666667,18.53333333,5.3,"7,897","5,216",669,"13,782",856.9333333,811.5333333,89.83333333,418.1,394.6666667,38.86666667,737.8333333,1867.633333,,,,,,
3/7/2025,3,55,5,2,3,2,653,609,245,392,364,202,834,2907,13.4,18.9,5.433333333,"7,897","5,221",669,"13,787",860.8666667,807.0333333,95.96666667,424.6,395.9333333,44.43333333,734.8666667,1889.1,,,,,,
3/8/2025,11,40,1,0,6,1,1069,659,23,669,371,15,319,626,13.53333333,18.96666667,5.3,"7,899","5,224",671,"13,794",872.2,810.9,94.96666667,436.9666667,398.5666667,44.03333333,716.5666667,1845.7,,,,,,
3/9/2025,23,67,0,3,5,0,1129,930,15,733,522,7,334,580,14.06666667,19.33333333,5.233333333,"7,899","5,230",672,"13,801",873.5333333,817.1,92.56666667,444.8333333,404.2666667,42.53333333,699.8,1793.733333,,,,,,
3/10/2025,7,61,0,2,6,0,922,970,37,490,503,26,977,3035,14.23333333,19.56666667,5.133333333,"7,902","5,235",672,"13,809",888.6,820.3,91.56666667,451.9666667,408.2666667,41.83333333,721.4,1876.466667,,,,,,
3/11/2025,3,25,0,0,5,0,1386,447,55,275,246,34,921,1974,13.9,19.26666667,2.133333333,"7,904","5,241",672,"13,817",904.1666667,810.3,83.16666667,443.3333333,404.8666667,40.26666667,738.5,1917.166667,,,,,,
3/12/2025,4,38,0,0,6,2,444,580,22,196,326,16,865,2269,13.43333333,19.2,2.066666667,"7,904","5,246",672,"13,822",875.1333333,796.4,79.1,431.2,400.8333333,38.56666667,732.5,1891.633333,,,,,,
3/13/2025,87,49,6,1,4,0,3326,750,146,1476,343,75,889,1997,16.26666667,18.33333333,2.2,"7,904","5,252",674,"13,830",963.2,793.3,81.66666667,469.9,398.8666667,39.86666667,732,1885.633333,,,,,,
3/14/2025,32,129,29,1,6,0,2580,1062,217,1178,427,82,693,1542,16.83333333,18.86666667,2.933333333,"7,905","5,256",674,"13,835",1015.233333,800.9,79.2,494.4666667,401.2333333,40.43333333,727.4666667,1879.566667,,,,,,
3/15/2025,22,95,9,1,4,3,1136,1103,211,671,490,96,342,652,17.06666667,19.4,3.066666667,"7,906","5,262",674,"13,842",1022.266667,805.3333333,80.73333333,501.5,405.9666667,41.7,711.8333333,1825.133333,,,,,,
3/16/2025,9,37,2,0,3,0,1215,824,59,717,461,36,391,701,17.16666667,19.3,2.933333333,"7,907","5,266",677,"13,850",1043.7,800.3666667,70.06666667,514.0666667,407.4333333,41.23333333,702.9,1752.633333,,,,,,
3/17/2025,14,121,6,0,1,0,1227,901,216,747,476,111,832,1829,17.36666667,19.26666667,2.933333333,"7,907","5,269",677,"13,853",1046.366667,779.1333333,73.7,519.6666667,398.8666667,43.23333333,717.2666667,1790.233333,,,,,,
3/18/2025,11,61,4,1,1,0,1293,481,105,690,284,59,762,1638,17.33333333,19.23333333,2.966666667,"7,907","5,270",677,"13,854",1060.866667,756.4333333,74.43333333,527.4333333,386.6,43.6,729.5333333,1823.066667,,,,,,
3/19/2025,6,38,0,1,7,0,558,579,39,270,322,19,847,1854,17.46666667,19.03333333,2.966666667,"7,908","5,271",677,"13,856",1047.5,749.5333333,74.93333333,523.0666667,381.2666667,43.66666667,734.5333333,1820.533333,,,,,,
3/20/2025,13,85,12,0,4,0,1285,417,205,540,219,112,1008,2578,17.9,19.7,3.366666667,"7,909","5,278",677,"13,864",1078.966667,745.2,81.06666667,535.5666667,378.6,47,739.5,1832.3,,,,,,
3/21/2025,208,111,0,2,11,0,5536,798,141,3067,428,80,747,1549,24.6,20.86666667,3.366666667,"7,909","5,282",677,"13,868",1241.066667,756.8333333,85.4,629.3333333,385.1,49.36666667,738.5666667,1821.166667,,,,,,
3/22/2025,25,40,1,1,4,0,1460,299,92,713,203,42,362,704,25.23333333,21.2,3.333333333,"7,911","5,293",677,"13,881",1270.4,740.5333333,86.6,643.6,380.6333333,49.5,725.1666667,1787.666667,,,,,,
3/23/2025,8,54,2,1,5,0,1206,359,84,953,236,36,412,765,22.73333333,21.93333333,3.366666667,"7,912","5,297",677,"13,886",1261.466667,735.6666667,86.93333333,651.9,379.2,50.1,715.1,1758.6,,,,,,
3/24/2025,12,80,9,2,0,1,1335,419,122,778,301,77,867,2067,22.13333333,22.5,3.666666667,"7,913","5,302",677,"13,892",1279.566667,728.4666667,90.56666667,665.1666667,377.9,52.4,732.8333333,1807.5,,,,,,
3/25/2025,39,50,3,1,6,0,1731,549,114,857,202,58,761,1710,22.46666667,22.53333333,3.7,"7,915","5,302",678,"13,895",1287.4,717.7666667,92.3,664.8333333,369.8333333,52.96666667,746.1,1841.566667,,,,,,
3/26/2025,12,40,2,3,10,0,1050,340,69,604,196,54,715,1617,22.06666667,22.43333333,3.666666667,"7,916","5,308",678,"13,902",1288.2,704.8666667,92.53333333,665.3333333,364.3,53.33333333,738.6333333,1792.833333,,,,,,
3/27/2025,8,48,0,1,6,0,979,302,26,492,188,17,810,1788,21.8,22.2,3.533333333,"7,919","5,318",678,"13,915",1301.3,693.4,92.8,670.0666667,358.9,53.53333333,734.4333333,1771.233333,,,,,,
3/28/2025,11,102,4,2,9,0,712,707,64,417,405,37,724,1510,21.9,22.76666667,3.666666667,"7,920","5,324",678,"13,922",1300.333333,693.1333333,93.53333333,671.1333333,359.6666667,53.63333333,728.9,1737.033333,,,,,,
3/29/2025,14,57,5,0,2,0,1217,289,109,683,190,61,323,569,22.06666667,22.46666667,3.733333333,"7,922","5,333",678,"13,933",1317.433333,677.1,94.86666667,680.9333333,354.3666667,54.1,701.7666667,1674.466667,,,,,,
3/30/2025,12,61,5,0,4,0,1145,590,163,719,308,71,375,670,22.33333333,22.63333333,3.8,"7,922","5,335",678,"13,935",1334.933333,679.2,98.43333333,694,357.8666667,55.36666667,690.2333333,1644.266667,,,,,,
3/31/2025,5,79,4,0,5,0,1213,504,100,750,275,54,748,1764,22.16666667,22.63333333,3.866666667,"7,922","5,339",678,"13,939",1345.833333,678.5333333,99.8,702.6666667,356.5333333,56.03333333,704,1683.966667,,,,,,
4/1/2025,3,90,5,1,5,0,1252,431,131,632,286,69,885,2028,21.66666667,23.06666667,3.933333333,"7,922","5,344",678,"13,944",1358.2,674.6666667,101.7,705.9666667,355.3,56.63333333,720.0333333,1725.2,,,,,,
4/2/2025,27,145,6,0,7,0,1741,435,120,825,256,63,786,1646,22.2,23.46666667,4.066666667,"7,923","5,349",678,"13,950",1382.033333,657.2666667,101.9666667,715.2666667,350.3,56.76666667,717.7,1712.066667,,,,,,
4/3/2025,11,76,2,1,5,1,938,327,87,507,187,43,749,1703,22.23333333,23.2,4.1,"7,923","5,356",678,"13,957",1386.166667,643.0666667,103.1666667,720.9666667,342.2333333,56.8,706.4,1662.866667,,,,,,
4/4/2025,9,31,5,2,3,1,809,252,98,444,177,63,672,1731,21.96666667,22.36666667,4.233333333,"7,924","5,361",679,"13,964",1380.266667,612.3,104.5333333,727.0333333,326.1333333,57.53333333,697.5333333,1624.866667,,,,,,
4/5/2025,13,44,4,2,2,0,1227,235,148,654,150,66,266,502,22.06666667,22.36666667,4.366666667,"7,926","5,364",680,"13,970",1392.466667,571.6,108.7666667,737.9666667,311.4,59.36666667,673.8666667,1550.166667,,,,,,
4/6/2025,11,62,5,0,6,1,1034,433,104,544,282,50,367,662,22.33333333,22.4,4.366666667,"7,928","5,366",680,"13,974",1405.166667,565.7333333,104.0666667,743.0333333,308.6666667,54.3,658.3,1475.333333,,,,,,
4/7/2025,6,65,5,2,4,0,958,327,67,589,182,38,826,1862,22.16666667,22.5,4.5,"7,928","5,372",681,"13,981",1401.466667,554.6666667,105.5333333,740.3666667,302.3666667,55.06666667,675.2,1516.533333,,,,,,
4/8/2025,2,58,3,0,6,0,676,467,61,347,279,33,795,1675,21.46666667,22.13333333,4.6,"7,930","5,376",681,"13,987",1386.366667,539.2333333,107.0666667,727.5,294.2666667,55.93333333,690.5666667,1553.033333,,,,,,
4/9/2025,4,43,5,0,6,1,844,378,118,418,231,85,780,1601,21.36666667,21.8,4.766666667,"7,930","5,382",681,"13,993",1383.766667,519.5,109.7666667,725.1,285.2,57.9,684,1505.233333,,,,,,
4/10/2025,31,137,12,0,3,2,1482,764,252,730,394,125,943,2290,22.3,22.16666667,5.166666667,"7,930","5,388",682,"14,000",1386.966667,530.0666667,116.3333333,740.2666667,290.1333333,60.93333333,684.7333333,1515.766667,,,,,,
4/11/2025,13,102,3,1,4,0,1356,879,110,645,410,66,837,2842,22.6,22.46666667,5.266666667,"7,930","5,391",684,"14,005",1417.366667,540.0333333,119.2666667,755.2333333,292.9333333,62.6,683.8,1534.866667,,,,,,
4/12/2025,15,75,0,1,3,0,1029,662,51,540,371,35,377,698,20.2,22.83333333,5.066666667,"7,931","5,395",684,"14,010",1340.8,537.1,116.1,724.0333333,293.8666667,61.26666667,666.7333333,1491.566667,,,,,,
4/13/2025,17,59,0,0,2,0,1318,469,41,720,250,19,289,540,19.7,22.3,4.1,"7,932","5,398",684,"14,014",1298.733333,517.3333333,110.2333333,708.7666667,287.9666667,59.16666667,653.2666667,1458.166667,,,,,,
4/14/2025,8,45,3,1,7,0,1017,418,197,384,229,37,763,1746,19.23333333,22.16666667,3.9,"7,932","5,400",684,"14,016",1294.766667,494.5,109.7666667,699.2,279.2666667,57.2,667.3,1494.633333,,,,,,
4/15/2025,3,38,3,0,4,0,1090,732,87,476,387,45,708,1439,19.03333333,22.2,3.933333333,"7,933","5,407",684,"14,024",1290.6,491.4333333,110.7,691.1666667,276.8,57.5,677.8666667,1519.233333,,,,,,
4/16/2025,12,30,1,0,0,0,1001,594,82,486,341,46,635,1347,18.96666667,21.16666667,3.766666667,"7,933","5,411",684,"14,028",1283.066667,481.2,106.2333333,682.4666667,272.3,55.33333333,671.3,1503.166667,,,,,,
4/17/2025,6,348,1,0,10,0,597,1417,27,322,733,18,567,1306,18.8,21.7,3.666666667,"7,933","5,411",684,"14,028",1259.866667,512.4,103.6333333,670.2,287.2666667,53.96666667,664.8,1492.1,,,,,,
4/18/2025,9,270,4,1,2,0,1051,1234,69,572,590,38,463,988,18.9,22.26666667,3.8,"7,933","5,421",684,"14,038",1276.3,534.2333333,104.6333333,680.2666667,296.2,54.6,652,1463.233333,,,,,,
4/19/2025,9,318,3,1,9,0,1109,1538,144,560,767,68,270,520,18.76666667,23.1,3.5,"7,934","5,423",684,"14,041",1270.433333,571.6,102.6,680.9333333,314.4666667,53.13333333,627.4,1394.633333,,,,,,
4/20/2025,3,157,6,0,2,2,463,1103,53,292,540,20,290,544,11.93333333,22.66666667,3.7,"7,935","5,432",684,"14,051",1101.333333,581.7666667,99.66666667,588.4333333,318.2,51.13333333,612.1666667,1361.133333,,,,,,
4/21/2025,20,169,2,3,17,0,873,2016,56,451,1142,37,739,2538,11.76666667,23.13333333,3.733333333,"7,935","5,434",686,"14,055",1081.766667,639,98.46666667,579.7,349.5,50.96666667,624.7333333,1422.266667,,,,,,
4/22/2025,8,154,1,1,14,0,878,1925,59,444,939,31,778,2077,11.76666667,23.7,3.7,"7,938","5,451",686,"14,075",1070.833333,691.2,97.63333333,562.7333333,372.9333333,50.8,636.9333333,1466,,,,,,
4/23/2025,3,88,4,1,8,0,816,1108,81,340,551,38,783,2077,11.46666667,23.43333333,3.533333333,"7,939","5,465",686,"14,090",1053.533333,714.1666667,96.26666667,548.1333333,381.2666667,49.5,634.1333333,1466.333333,,,,,,
4/24/2025,9,58,0,2,7,0,950,613,31,341,302,16,758,1820,10.46666667,23.03333333,3.433333333,"7,940","5,473",686,"14,099",1027.5,716.3,93.5,530.9333333,384.6,48.1,634.0333333,1470,,,,,,
4/25/2025,95,43,6,1,10,0,2305,825,105,931,493,47,653,1346,13.23333333,23.06666667,3.566666667,"7,942","5,480",686,"14,108",1069.333333,732.4666667,94.7,541.8333333,394.5,47.86666667,631.9666667,1460.966667,,,,,,
4/26/2025,8,77,0,1,2,0,1696,1222,95,692,636,50,279,490,13.23333333,23.06666667,3.566666667,"7,943","5,490",686,"14,119",1093.233333,763.1333333,97,548.5,409.4333333,48.96666667,614.2666667,1417.7,,,,,,
4/27/2025,17,37,0,0,3,0,978,602,58,426,368,30,324,514,13.43333333,22,3.433333333,"7,944","5,492",686,"14,122",1102.1,759.6333333,96.8,548.8,408.2,48.73333333,600.9333333,1384.5,,,,,,
4/28/2025,16,54,2,1,5,0,1836,716,90,750,385,50,753,1755,13.5,22.2,3.333333333,"7,944","5,495",686,"14,125",1122.733333,773.8666667,96.16666667,551.0333333,414.7,48.36666667,615.2666667,1424.033333,,,,,,
4/29/2025,4,98,1,2,5,0,920,814,98,439,342,54,823,2252,13.23333333,22.2,3.2,"7,945","5,500",686,"14,131",1115.233333,781.3333333,94,541.7,415.8333333,47.8,630.2,1476.766667,,,,,,
4/30/2025,26,92,7,0,5,0,1349,648,135,669,295,78,779,2210,13.93333333,22.16666667,3.3,"7,947","5,505",686,"14,138",1119.766667,786.1333333,95.16666667,539,416.5,48.6,631.2333333,1491.633333,,,,,,
5/1/2025,41,278,4,0,5,0,2952,1370,150,1140,624,67,710,1561,15.2,22.56666667,3.266666667,"7,947","5,510",686,"14,143",1176.433333,817.4333333,95.8,555.9333333,427.7666667,48.53333333,625.4,1476.066667,,,,,,
5/2/2025,29,105,14,1,7,0,1671,922,163,794,457,77,525,1012,15.26666667,22.66666667,3.533333333,"7,947","5,515",686,"14,148",1174.1,833.6666667,97.23333333,554.9,434.4666667,49,616.7,1454.933333,,,,,,
5/3/2025,10,67,3,0,2,0,788,595,64,424,277,33,265,515,15.23333333,22.46666667,3.566666667,"7,948","5,522",686,"14,156",1169.1,842.6,96.46666667,552.1333333,437.4666667,48.66666667,600.5666667,1415.333333,,,,,,
5/4/2025,19,60,10,1,5,0,1231,736,146,674,348,86,268,536,15.56666667,22.63333333,3.733333333,"7,948","5,524",686,"14,158",1183.166667,858.7333333,98.06666667,559.8,443.1666667,49.43333333,587.1,1375.5,,,,,,
5/5/2025,4,91,0,0,4,0,822,819,89,294,376,28,733,1631,15.26666667,22.5,3.6,"7,949","5,529",686,"14,164",1169.666667,878.2,96.1,547.8,450.7,48.16666667,602.6666667,1413.133333,,,,,,
5/6/2025,5,83,2,1,11,0,818,791,59,299,347,32,1127,2020,15.06666667,22.33333333,3.5,"7,949","5,533",686,"14,168",1162.466667,890.1333333,94.6,539.6333333,452.8666667,47.56666667,628,1458.4,,,,,,
5/7/2025,1,57,2,0,15,0,518,790,38,210,371,24,976,3485,14.9,22.5,3.4,"7,950","5,544",686,"14,180",1147.8,905.5666667,93.63333333,527,459.1666667,47.1,633,1512.5,,,,,,
5/8/2025,7,59,0,1,11,0,831,860,28,408,216,19,674,1563,15.06666667,22.16666667,3.3,"7,950","5,559",686,"14,195",1152.966667,918.6666667,92.53333333,529.0333333,457.0666667,46.63333333,628.9666667,1508.766667,,,,,,
5/9/2025,16,77,6,3,7,0,1189,1010,113,587,421,76,618,1405,15.46666667,22.23333333,3.333333333,"7,951","5,570",686,"14,207",1164.466667,939.7333333,92.36666667,534.6666667,463.4,46.33333333,623.5666667,1502.233333,,,,,,
5/10/2025,10,69,5,0,2,0,676,780,84,424,362,46,352,574,14.76666667,22.53333333,3.1,"7,954","5,577",686,"14,217",1137.6,940.2666667,86.76666667,524.4666667,462.3333333,43.7,603.8666667,1445.033333,,,,,,
5/11/2025,18,50,5,1,2,0,889,908,171,584,533,120,335,652,14.93333333,22.1,3.166666667,"7,954","5,579",686,"14,219",1122.033333,941.2333333,88.8,522.4333333,466.4333333,45.5,587.1333333,1372.033333,,,,,,
5/12/2025,11,64,2,2,4,0,1528,976,150,892,444,96,741,1507,14.8,21.7,3.233333333,"7,955","5,581",686,"14,222",1138.666667,951.7,92.1,534.1666667,468.8666667,47.53333333,599.2666667,1399,,,,,,
5/13/2025,5,34,2,2,5,0,1107,481,46,539,257,29,750,1716,14.4,21.4,3.3,"7,957","5,585",686,"14,228",1131.633333,952.1,92.26666667,528.1333333,469.1,47.86666667,614.6333333,1438.2,,,,,,
5/14/2025,8,34,2,3,7,0,722,490,44,426,197,18,797,1833,14.4,20.66666667,3.266666667,"7,959","5,590",686,"14,235",1121.8,954.5,87.16666667,529.5333333,468.0333333,47.23333333,615.7666667,1441.1,,,,,,
5/15/2025,40,42,7,0,4,1,3036,760,104,1505,331,65,725,1614,15.63333333,20.73333333,3.4,"7,962","5,597",686,"14,245",1186.666667,955.4333333,87.73333333,563.8333333,466.1666667,47.9,616.3333333,1446.933333,,,,,,
5/16/2025,17,47,2,1,5,1,1460,959,65,727,388,48,590,1266,15.8,20.9,3.433333333,"7,962","5,601",687,"14,250",1201.966667,967.6,87.16666667,571.8666667,467.7333333,47.96666667,614.8333333,1444.233333,,,,,,
5/17/2025,6,32,1,0,5,1,633,459,45,480,201,28,233,428,15.8,19.83333333,3.433333333,"7,963","5,606",688,"14,257",1203.166667,935.6666667,87.76666667,577.1333333,450,48.3,603.7,1414.966667,,,,,,
5/18/2025,12,55,0,2,3,0,862,760,30,451,314,21,279,466,15.9,19.13333333,3.3,"7,963","5,611",689,"14,263",1196.866667,919.8666667,86.46666667,573.1,440.8,47.73333333,597.5666667,1397.566667,,,,,,
5/19/2025,24,67,3,2,3,0,1268,1054,78,658,415,62,749,1776,16.4,17.76666667,3.3,"7,965","5,614",689,"14,268",1202.166667,903.7333333,84.26666667,576.3666667,429.0666667,47.53333333,613.5333333,1439.433333,,,,,,
5/20/2025,14,41,4,0,4,0,951,1053,109,609,440,72,642,1446,16.76666667,17.43333333,3.233333333,"7,967","5,617",689,"14,273",1218.433333,902.0666667,86.13333333,586.9333333,425.7333333,49.26666667,625.2666667,1469.5,,,,,,
5/21/2025,6,98,14,0,5,0,725,1103,264,352,470,206,639,1594,16.3,17.26666667,3.633333333,"7,967","5,621",689,"14,277",1213.5,871.6333333,93.06666667,583.6333333,403.3333333,54.9,621.9333333,1438.033333,,,,,,
5/22/2025,4,27,0,0,2,0,731,651,28,328,322,24,710,1857,16.16666667,16.36666667,3.6,"7,967","5,626",689,"14,282",1208.6,829.1666667,92.03333333,579.7666667,382.7666667,54.66666667,619.6666667,1430.7,,,,,,
5/23/2025,23,29,4,1,4,1,1047,682,111,628,338,59,470,1141,16.83333333,16,3.6,"7,967","5,628",689,"14,284",1216.3,814.9666667,93.03333333,589.3666667,375.6666667,55.36666667,609.2333333,1399.5,,,,,,
5/24/2025,96,51,4,3,3,0,2776,746,108,1597,369,75,230,401,19.73333333,16.13333333,3.733333333,"7,968","5,632",690,"14,290",1277.166667,819.4,95.6,631.2333333,377.9,57.33333333,591.6333333,1352.2,,,,,,
5/25/2025,19,25,1,1,2,0,962,580,68,709,280,44,238,374,17.2,15.9,3.566666667,"7,971","5,635",690,"14,296",1232.4,811.2333333,94.36666667,623.8333333,370.8,57.23333333,577.8,1319.8,,,,,,
5/26/2025,35,44,5,2,2,0,967,732,111,714,316,81,341,578,18.1,15.66666667,3.733333333,"7,972","5,637",690,"14,299",1208.1,794.9,94.9,624.5666667,360.1333333,58.26666667,579.8666667,1322.733333,,,,,,
5/27/2025,3,49,8,0,6,0,911,965,157,515,340,99,681,1705,17.63333333,16.16666667,4,"7,974","5,639",690,"14,303",1205.866667,807,98.2,627.5333333,359.2,60.56666667,591.7666667,1362.433333,,,,,,
5/28/2025,13,41,8,0,4,0,927,424,124,446,221,78,714,1898,17.53333333,16.23333333,4.2,"7,974","5,645",690,"14,309",1175.566667,797.2666667,99.33333333,617.4,353.7333333,61.5,590.4666667,1367.2,,,,,,
5/29/2025,35,29,0,3,5,0,1921,544,26,932,323,17,701,1524,18.56666667,16.16666667,4.166666667,"7,974","5,649",690,"14,313",1208.933333,788.2666667,96.93333333,633.8333333,353.1,60.26666667,586.4,1342.933333,,,,,,
5/30/2025,7,424,6,0,28,1,1626,5964,131,709,3309,69,511,1046,17.93333333,19.73333333,4.133333333,"7,977","5,654",690,"14,321",1218.166667,965.4666667,96.8,635.1666667,453.5666667,59.96666667,577.4666667,1304.133333,,,,,,
5/31/2025,7,328,2,1,24,0,1096,4557,116,568,2742,55,230,423,16.8,21.4,4.066666667,"7,977","5,682",691,"14,350",1156.3,1071.7,95.66666667,616.1,524.1666667,59.56666667,561.4666667,1266.2,,,,,,
6/1/2025,6,174,0,2,19,0,1096,2352,90,565,1409,47,314,579,16.8,74.3,3.6,"7,978",5706,691,"14,375",1137.133333,1119.366667,0.166666667,608.4666667,555.9,93.23333333,554.4333333,1251.766667,,,,,,
6/2/2025,15,157,2,0,8,0,1231,2464,75,550,1338,47,626,1426,16.03333333,75.96666667,3.566666667,"7,979",5725,691,"14,395",1151.9,1181.666667,0.166666667,612.6666667,591.2666667,93.6,566.4666667,1282.133333,,,,,,
6/3/2025,18,96,5,0,10,0,1070,1444,60,413,794,38,711,1728,16.2,78.26666667,3.4,"7,981",5733,693,"14,407",1146.533333,1205.266667,0.166666667,603.9666667,606.1333333,90.73333333,581.2333333,1321.866667,,,,,,
6/4/2025,11,100,3,1,7,1,18667,12092,1984,14643,756,1920,670,1866,16.16666667,81.26666667,3.5,"7,981",5743,698,"14,422",1741.366667,1581.033333,0.2,1082.266667,618.8,153.9,579.1333333,1329.7,,,,,,
6/5/2025,39,78,3,2,9,0,21426,6503,2454,16175,826,2234,612,1645,16.4,82.46666667,3.533333333,"7,981",5750,701,"14,432",2428.3,1771.433333,0.2,1611.466667,634.7666667,233.7333333,561.9666667,1317.2,,,,,,
6/6/2025,22,130,15,0,4,0,22022,5213,2767,16295,1003,2494,515,1338,17.53333333,82.76666667,3.966666667,"7,982",5759,704,"14,445",3145.1,1918.866667,0.2,2147.633333,655.8333333,324.7,546.6,1245.633333,,,,,,
6/7/2025,23,159,1,0,12,0,21749,4413,3017,15999,1222,2667,246,437,18.23333333,82.6,4,"7,984",5763,719,"14,466",3842.366667,2037.3,0.2,2667.333333,689.3666667,424.3333333,532.3333333,1208.1,,,,,,
6/8/2025,22,88,2,1,6,0,20770,2909,3349,15710,695,2971,269,529,18.76666667,85.03333333,3.866666667,"7,984",5775,720,"14,479",4495.066667,2100.6,0.2,3171.433333,698.5,532.2,520.7,1178.9,,,,,,
6/9/2025,27,127,1,0,10,0,19103,4011,3339,13513,884,3063,639,1624,18.96666667,88.36666667,3.733333333,"7,984",5781,722,"14,487",5109.3,2208.3,0.2,3607.733333,715.9,640.7,530.2666667,1213.9,,,,,,
6/10/2025,19,87,5,4,11,0,17905,3577,3086,12819,802,2730,632,1509,19.53333333,88.73333333,3.733333333,"7,985",5791,723,"14,499",5676.5,2297.266667,0.2,4015.566667,724.8666667,737.8666667,540.1666667,1242.466667,,,,,,
6/11/2025,12,78,2,3,7,0,20852,7237,2825,14848,658,2591,575,1279,19.56666667,90.66666667,3.733333333,"7,985",5802,728,"14,515",6320.633333,2505.966667,0.2,4480.766667,732,827.0333333,534.6333333,1234.866667,,,,,,
6/12/2025,12,33,5,1,4,0,18912,5364,2977,14340,365,2741,517,1169,19.6,91.9,3.833333333,"7,989",5809,730,"14,528",6914.133333,2668.733333,0.2,4940.8,735.6,924.7333333,526.8666667,1216.633333,,,,,,
6/13/2025,35,57,6,2,8,0,19945,5076,2793,14275,490,2566,444,949,19.83333333,92.36666667,3.966666667,"7,992",5813,735,"14,540",7554.9,2821.6,0.2,5402.433333,745.3666667,1016.366667,515.1,1187.166667,,,,,,
6/14/2025,11,21,2,1,7,0,21225,3936,2880,16076,193,2656,236,492,20.73333333,92.33333333,3.8,"7,993",5821,741,"14,555",8161.2,2927.466667,0.166666667,5888.133333,740.7666667,1108.9,498.8,1149.766667,,,,,,
6/15/2025,14,21,1,0,6,0,21320,2610,2917,15841,1214,2738,232,449,19.76666667,93.1,3.766666667,"7,995",5828,743,"14,566",8823.2,2982.5,0.133333333,6391.933333,733.8333333,1203.966667,486.8666667,1122.533333,,,,,,
6/16/2025,11,33,5,0,5,0,20500,3603,3232,15313,1753,3014,545,1229,19.66666667,92.4,3.9,"7,996",5834,744,"14,574",9485.433333,3087.3,0.1,6886.366667,737.4,1310.2,497.2666667,1149.233333,,,,,,
6/17/2025,13,41,0,1,5,0,19541,3279,2676,14542,1706,2609,524,1234,19.83333333,91.53333333,3.9,"7,996",5839,749,"14,584",10108.06667,3171.266667,0.1,7356.066667,736.3333333,1398.4,505.4333333,1174.833333,,,,,,
6/18/2025,20,63,3,1,6,1,21274,6128,2683,16191,2476,2545,492,1069,19.86666667,91.56666667,3.9,"7,996",5844,749,"14,589",10774.93333,3340.4,0.133333333,7873.833333,737.5,1485.233333,496.8666667,1151.266667,,,,,,
6/19/2025,10,28,4,0,0,0,18847,5039,2574,14638,2323,2518,432,872,19.73333333,91.1,3.9,"7,997",5850,752,"14,599",11371.46667,3473.266667,0.133333333,8341.466667,730.7,1567.4,489.8666667,1132.133333,,,,,,
6/20/2025,16,16,5,0,2,0,19023,3356,2568,14197,1630,2401,427,900,19.6,90.96666667,3.6,"7,998",5850,756,"14,604",11981.4,3548.366667,0.133333333,8802.966667,721.0333333,1644.2,482.8,1109,,,,,,
6/21/2025,8,36,6,1,5,1,13618,3628,1722,10845,1679,1575,251,506,19.93333333,90.53333333,3.8,"7,998",5852,761,"14,611",12410.96667,3647.6,0.166666667,9153.533333,720.3,1700.666667,467.5,1063.966667,,,,,,
6/22/2025,9,34,3,0,2,0,670,596,87,346,320,57,233,431,20.06666667,87.8,3.766666667,"7,998",5857,767,"14,622",12398.4,3644.733333,0.133333333,9144.133333,719.7,1699.866667,459.6,1040.3,,,,,,
6/23/2025,19,36,8,1,2,0,19752,4777,2470,15415,1925,2237,599,1356,19.6,88.1,3.9,"7,999",5859,770,"14,628",12964.26667,3779.1,0.133333333,9604.733333,717.8666667,1778.6,471.9,1072.133333,,,,,,
6/24/2025,19,45,2,0,5,0,21837,4344,2855,16688,2106,2689,522,1175,17.03333333,88.26666667,3.933333333,"7,999",5861,778,"14,638",13660.1,3904.566667,0.133333333,10137.36667,718.1,1871.5,481.3666667,1098.833333,,,,,,
6/25/2025,24,31,0,0,2,0,22660,5185,2666,17557,2279,2491,534,1201,17.03333333,87.76666667,3.766666667,"8,000",5866,780,"14,646",14383.2,4053,0.133333333,10698.8,715.3666667,1956.666667,487.8,1119.6,,,,,,
6/26/2025,30,17,1,0,2,1,22641,4377,2766,16977,2041,2587,528,1132,16.66666667,88.43333333,3.533333333,"8,000",5868,780,"14,648",15107.53333,4166.733333,0.166666667,11247.53333,710.0333333,2043.633333,482.7,1100.5,,,,,,
6/27/2025,15,49,6,2,5,0,23033,4885,2789,17780,2227,2630,489,979,17.56666667,88,3.466666667,"8,000",5870,781,"14,651",15844.4,4315.433333,0.166666667,11825.33333,713.6666667,2132.466667,475.2,1069.866667,,,,,,
6/28/2025,22,120,2,2,7,0,21994,4338,2756,16291,2018,2535,271,501,17.63333333,86.93333333,3.533333333,"8,000",5875,787,"14,662",16513.5,4441.9,0.166666667,12337.3,724.6333333,2223.466667,460.8666667,1035.766667,,,,,,
6/29/2025,58,91,7,3,10,0,20724,3861,2932,15394,1953,2674,282,508,17.2,87.2,3.566666667,"8,002",5882,789,"14,673",17150.1,4371.8,0.133333333,12826.8,637.9333333,2316.833333,453.2333333,1017.833333,,,,,,
6/30/2025,26,106,8,1,8,0,23530,4376,2856,17110,2094,2542,568,1376,18.9,90.23333333,3.766666667,"8,004",5892,796,"14,692",17897.9,4365.766667,0.133333333,13378.2,572.5333333,2408.166667,464.5,1049.6,,,,,,
7/1/2025,10,177,3,0,7,0,1617,2455,129,617,1296,65,513,1290,19.53333333,79.13333333,3.866666667,"8,007",5900,804,"14,711",17915.26667,4369.2,0.133333333,13379.93333,568.7666667,2409.466667,471.1333333,1073.3,,,,,,
7/2/2025,6,106,0,2,8,0,855,1440,63,415,778,30,489,1229,19.66666667,71.73333333,3.8,"8,008",5907,807,"14,722",17902.73333,4335.066667,0.133333333,13375.43333,550.1,2409.066667,466.5666667,1066.733333,,,,,,
7/3/2025,13,76,2,1,3,0,14429,1387,1602,12471,863,1545,367,821,19.36666667,71.83333333,3.7,"8,008",5915,807,"14,730",18348.03333,4333.166667,0.133333333,13777.36667,552.4,2460.466667,455.1,1036.5,,,,,,
7/4/2025,26,61,14,1,5,0,17810,791,3534,13619,441,3523,224,390,19.2,70.13333333,4.066666667,"8,010",5918,809,"14,737",18319.46667,3956.466667,0.1,13743.23333,541.9,2512.133333,440.2333333,987.3,,,,,,
7/5/2025,32,59,1,2,-1,0,18730,703,2525,15812,437,2441,234,405,19.7,69.46666667,4,"8,011",5923,823,"14,757",18229.6,3763.133333,0.1,13731.13333,528.9333333,2514.5,427.6333333,945.9666667,,,,,,
7/6/2025,13,64,4,0,2,0,18911,951,3455,15260,537,3284,237,445,19.46666667,68.16666667,3.633333333,"8,012",5922,824,"14,758",18125.9,3621.066667,0.1,13696.63333,513.4,2537.433333,418.3666667,916.2,,,,,,
7/7/2025,8,126,3,0,7,0,17802,5261,3435,13827,1905,3345,705,1422,19.16666667,67.53333333,3.7,"8,014",5924,828,"14,766",17994.33333,3649.333333,0.1,13624.23333,488.8,2551.366667,433.6666667,949.0333333,,,,,,
7/8/2025,64,238,6,5,,0,16785,,4210,11482,,3913,623,1429,18.66666667,65.33333333,3.833333333,"8,014",5931,831,"14,776",17861.5,3674.862069,0.1,13483.3,481.6896552,2580.066667,445.4666667,979.0333333,,,,,,
7/9/2025,9,178,1,2,,0,4987,,4635,3612,,4644,258,498,20.06666667,64.23333333,3.833333333,"8,014",5931,837,"14,782",17390.96667,3662.857143,0.1,13153.26667,467.3214286,2623.266667,432.7666667,941.5,,,,,,
,,155,2,,,0,,,720,,,734,,,,,,,,,,,,,,,,,,,,,,,
,,219,,,,,,,,,,,,,,,,,,,,,,,,,,,,,,,,,
,,106,,,,,,,,,,,,,,,,,,,,,,,,,,,,,,,,,
